CustomerID,Name,Street,City,Postcode
12346,Tammy Cameron,1577 Smith Lake Suite 244,Port Alanview,29326
12347,Kyle Richardson,02903 Castillo Drive,Andersonton,84657
12348,Kevin Roberts,2668 Smith Union Suite 024,Murrayside,49573
12350,Ronald Myers,1805 Matthew Union Apt. 476,Lake Michaelmouth,79731
12356,Dawn Reynolds,4070 Christopher Hollow Apt. 362,Ericborough,62489
12359,Cameron Cross,03443 Beverly View Suite 893,Jeremyshire,70539
12370,Brenda Vasquez,00766 Dustin Rapids,Jeffreyberg,04295
12373,Karen Savage,5866 Scott Road,Lake David,25837
12377,Emily Gibson,7725 Stephanie Curve,East Morganhaven,38876
12381,Karen Figueroa,49954 Jeffrey Valleys Apt. 399,Port Brandonmouth,37795
12383,John Taylor,56186 Jessica Estate Suite 196,Valerieberg,41953
12386,Scott Watkins,4231 Richmond Parkway,Priceview,14654
12388,Ronald Bowen,567 Elizabeth Junctions,Port Phillipborough,74320
12393,Elizabeth Fuentes,54495 Ann Track Suite 222,Woodsburgh,82250
12395,Kelli Vargas,315 Angela Skyway Apt. 095,Maryberg,25603
12402,Jillian Moore,365 Moore Shore,Youngtown,78300
12410,Timothy Young,7771 Brewer Motorway Apt. 758,Landryhaven,65823
12413,Lisa Johnson,79801 John Burg Apt. 174,Meganville,79962
12414,Johnny Nolan,675 Jones Locks,Jenniferhaven,20791
12415,Eric Carter,5425 Melinda Isle Apt. 716,North Angelabury,98970
12417,Amanda Alvarado,2341 Robin Stravenue Apt. 596,Alextown,94682
12421,Katie Marshall,51703 Sullivan Spring,Juliestad,15516
12422,William Webb,2782 Williams Flat,North Christophermouth,58919
12423,Mario Horne,1367 Garcia Plains,Port Jose,23265
12427,Jessica Jackson,69201 Savage Summit Apt. 763,Beckmouth,43846
12429,Amanda Graham,752 Joan Junctions,Lake Aaron,50551
12431,Angela Curtis,847 Sara Village Apt. 678,North Tamara,88565
12433,Charles Torres,875 Susan Cliffs Suite 488,South Connie,80276
12434,Elizabeth Hunter,4066 Kirby Mountain Apt. 907,New Deborah,35334
12437,Paula Cruz,99389 Powers Islands Suite 001,Port Rebeccaburgh,41789
12441,Lindsey Sims,724 Crystal Light,South Mary,17682
12451,Arthur Carr,55296 Duran Ports Apt. 603,South Ambermouth,51481
12464,Christopher Hunt,068 Clark Keys,Conleyton,83685
12468,Paige Clayton,3722 Miller Ridges Suite 857,East Michaelfurt,46090
12471,Mary Wright,57994 Reed Burg Apt. 950,Hallshire,45708
12472,Karen Marsh,2011 Sarah Parkways,Lake Michaelstad,22989
12474,Mallory Thompson,36267 Anthony Squares,Duncanton,24417
12476,Kenneth Mann,3773 Marcus Trail,West Jeffreymouth,17236
12477,Caitlin Kaiser,6363 Clark Street Apt. 687,Ryanton,82206
12480,Jonathan Martinez,40288 Forbes Plain,Jenniferside,74161
12481,Alexa Smith,94444 Finley Wall,Toniberg,22954
12483,Crystal Hampton,6166 Reed Ferry Suite 959,Taylorshire,09208
12484,Joel King,96123 Holly Shore,East Zachary,33633
12489,Michael Turner,83853 Wesley Burgs Suite 409,Sarahtown,20938
12490,Heather White,7072 Deborah Mountains Apt. 462,Paulland,95581
12494,Elizabeth Jones,54939 Reyes Fort,South Anthonytown,37347
12500,Nicole Davila,08636 Craig Mall Apt. 521,North Christopherside,61857
12501,Hector Fitzgerald,854 Lisa Fields,West Robertshire,45269
12502,Jamie Mathis,273 Sarah Freeway Apt. 112,New Maria,40886
12503,Amy Rodriguez,517 Michelle Brooks,South Tim,58554
12506,Sharon Lloyd,744 Romero Center Suite 184,Meganfurt,22648
12510,Chelsea Delgado,87773 Jordan Common Apt. 045,Christinetown,79495
12515,Dawn Weber,94253 Kimberly Springs,Rachelport,97821
12519,Dr. Krista Hernandez,57090 Nicholas Neck,Meaganfort,17005
12523,Patricia Williams,86924 Diaz Knoll Apt. 439,Lake Hannahmouth,71190
12524,Shannon Morales,395 Jonathan Drive,Webstertown,87592
12527,Miss Carol Williams,806 Angela Extension Suite 232,Port Jamiefurt,93702
12528,Erica Murphy,381 Fuller Island,West Stephaniebury,67029
12530,Brian Floyd,7066 Combs Overpass Suite 117,New Carl,16822
12531,Matthew Clark,209 Sarah Trace Apt. 237,Michellebury,51495
12537,Mr. Edward Jackson,27262 Steele Underpass Suite 030,Whitebury,46540
12539,Michael Robinson,9821 Samuel Turnpike,North Kayla,82697
12540,Rebecca Lawrence,76667 Emily Greens,West Madison,37110
12551,John Torres,840 Navarro Prairie Apt. 189,Eddiebury,97759
12553,Angela Davis,20950 Alicia Rest Suite 622,Peterton,74446
12557,Tanner Jennings,900 Stephanie Shoals Apt. 366,North Jorgeborough,81318
12559,Miranda Webb,9951 Hernandez Extensions,New Kristaview,28704
12567,Tara Hoover,68753 Grant Drive,Andreaberg,25170
12571,Michelle Moreno,82763 Cynthia Spur Apt. 718,Taylorfurt,11849
12574,Barbara Douglas,07276 Kelly Shores Apt. 128,Tammyside,73060
12577,Kimberly Herrera,993 Marcia Mountain Suite 247,North Ashleyfurt,86244
12578,Jessica Hall,99322 Gomez Falls Apt. 379,Kevinhaven,11942
12583,Brent Herman,451 Marcus Streets Apt. 582,Fredericktown,07812
12585,Kimberly Hancock,6664 Ferguson Way Apt. 455,Chasechester,19564
12586,Stephen Hartman,9583 Trevor Circle,New Lindafort,26572
12591,Rebecca Vasquez,073 Erin Haven,Port Emily,57163
12594,Dr. Tami Perkins,688 Sandoval Heights Apt. 455,West Amanda,34678
12600,Nicholas Thomas,7581 Melendez Brook,West Theresaborough,03504
12601,Patricia Estrada,93668 Ashley Shoal,Ryanport,79478
12605,Alexis Castro,06368 Matthew Ford Apt. 624,Matthewside,50535
12609,Mary Rose,843 James Mountain Suite 937,Jeremyland,01683
12613,Elizabeth Snyder,0229 Bryant Wall Suite 982,South Mariefort,89907
12621,John Frazier,43321 Chad Ports,West Jonathanville,99255
12625,Kyle Taylor,4864 Robert Cape,Ryanbury,41431
12626,Joan Cummings,26409 Johnson Spur Suite 054,Dawsonmouth,22461
12637,Brooke Hayes,874 Phillips View Apt. 293,East Erikaport,53976
12643,Steve Sanchez,5638 Sharon Islands Apt. 383,East Rebecca,19298
12645,Tammy Shepard,065 Thomas Locks Apt. 435,North Jacobshire,20834
12647,Mario Frost,8384 Rebekah Creek,West Sherry,86958
12649,Mark Potter,284 Colleen Lodge,Rochahaven,68373
12651,Michael Newton,82691 Andrew Burgs,Courtneyland,58883
12652,Andrew Morrow,0434 Angela Route Suite 924,Isaacberg,33831
12662,Thomas Andrade,560 Kevin Isle Apt. 072,Port Patrickland,93009
12664,David Ramirez,76376 Colleen Skyway,Lake Angela,04443
12665,Mary Carter,72078 Paul Island Apt. 706,Jamesfurt,31685
12666,Andrew Johnson,5333 Trevino Corners Apt. 676,Lake Angela,99499
12668,Vanessa Lopez,697 Meyer Lodge,Jamesberg,30929
12672,Tonya Lloyd,34014 Frederick Village,Bauerport,66808
12673,Scott Barton,71474 Mendoza Mountain,Russellview,43129
12676,Kaitlin Edwards,64663 Johnson Springs Apt. 772,South Amanda,69528
12678,Steve Hicks,0339 Adams Isle Suite 092,Bergfurt,73843
12681,Nicholas Meadows,2666 Hill Wall,Anitaborough,26693
12682,Lindsey Fisher,8002 Stephanie Path Suite 955,Sethland,36609
12683,Michael Harrison,7009 Gonzalez Corner,South Jeffrey,88288
12686,David Mcintosh,97946 Anthony Field,Lake Vincentton,69529
12691,Alexandra Castillo,845 Jimenez Terrace,West Dianastad,37269
12693,Sharon Frey,7373 Samuel Cape Suite 932,North Phillip,42656
12701,Amanda Villa,78302 Angela Valleys Suite 163,Elizabethland,76604
12703,Olivia Logan,99747 Alex Drive,Lindaland,65272
12705,Natalie Conway,119 Cohen Burgs,Samanthabury,80926
12708,Deborah Valentine,863 Kevin Trail,New John,28506
12709,William Smith,554 Bell Street Suite 890,Wendymouth,40323
12712,Michael Johnson,715 Huerta Green Suite 838,West Jennifer,46514
12716,Derek Ray,22183 James Ports Suite 471,Port Christina,90038
12720,Adriana Kirk,750 Jose Courts Apt. 878,Williamsberg,38982
12721,Elizabeth Garcia,30309 Rivera Tunnel,Port Jaime,30957
12724,Christopher Barber,915 Robinson Harbor Apt. 698,Robertstown,27464
12725,Ashley Wilson,65915 Kathy Parkway,Hannahbury,43087
12726,Randy Johnson,522 Heather Crest Apt. 837,Port Matthewbury,63068
12727,Daniel Atkins,8724 Durham Mountains,Ponceberg,94554
12728,Kathy Donaldson,3616 Peterson Keys Apt. 114,East Robert,98637
12731,Amy Hart,9332 Taylor Circle,East Laurie,39157
12734,Elizabeth Burgess,402 Christopher Neck,East Christinaborough,66043
12735,Tyler Johnson,8642 Gregory Meadows,Millerbury,31038
12736,Angela Blevins,6854 Gutierrez Common,Port John,13030
12738,Andrew Sanchez,0707 Williams Crescent Suite 081,Sherryview,66834
12744,Jason Lopez,89163 Alvarez Highway,Ochoaview,29137
12747,Laura Coleman,584 Jessica Island Apt. 962,Jessicafurt,68703
12748,Carol Bryant,662 Jasmine Pines,North Janetberg,17016
12753,Tanya Cruz,684 Jason Dale,East Joshuatown,77756
12754,Tamara Gordon,40161 Sara Summit Suite 345,Kathleenville,29459
12755,Rachel Cross,28147 Amber Courts Apt. 646,Joshuafurt,75107
12763,Leslie Rodriguez,152 Jennifer Springs Suite 074,Port Eric,41251
12764,Meghan Waters,42056 Dustin Glen,Lake Veronica,05432
12766,Elizabeth Nelson,614 Figueroa Roads Suite 406,New Dianashire,81228
12775,Sean Zamora,3876 Alvarez Ports Suite 892,New Morganstad,58579
12778,Amanda Miles,511 Hudson Garden Apt. 511,Lake Christinaton,66415
12779,Jeanne Melton PhD,5795 Garcia Crescent,Kevintown,81246
12782,Heather Pierce,81277 Taylor Knolls Suite 267,Shawnton,48598
12785,Kiara Clark,50997 Levi Lane Suite 181,Suzanneborough,35787
12791,Lindsay Mathis,392 Garcia Path,New Brandon,06876
12793,Robin Thompson,43834 Lisa Wells Suite 201,South Michaelmouth,04252
12797,Victor Ewing,60089 Donovan Meadows Apt. 205,Toddtown,46366
12808,Casey Beck,0325 Bailey Drive,Harringtonborough,72745
12820,Andrew Rodriguez,1882 Carlson Spurs,Anthonybury,35614
12826,Donald Murray,368 Drake Highway,South Nicole,65696
12829,David Lawson,3637 John Turnpike,New Matthewfurt,04010
12836,Carl Miller,8037 Ann Ville,Freemanbury,53409
12838,Jennifer Orr,36297 Nunez Crossing Apt. 941,Kristineton,41165
12839,Alyssa Munoz,476 Brown Road,New Josephfort,09560
12841,Stacey Bowers,2062 Tonya Knoll,Maryside,46458
12842,Kathleen Stewart,79922 Ryan Shoals Suite 474,West Robert,48584
12853,Kenneth Wood,032 Debbie Forks,Michaelport,50060
12854,Robert Blackwell,30579 Thomas Pike Apt. 429,Justinland,19709
12855,Kimberly Lowe,944 Vickie Springs Apt. 810,South Patriciaburgh,03653
12865,Charles Kemp,9463 Wright Row Apt. 606,West Stanley,77302
12867,David Gomez,696 Lisa Streets Suite 025,Kristinaland,32720
12868,Alicia Crosby,8316 James Mills,North Alexanderberg,78676
12870,Dawn Carlson,481 Wade Freeway Apt. 752,Lake Sarah,29929
12872,Jeremy Davis,0073 Brandon Spur,Port Gabrielle,85697
12875,Courtney Tucker,35288 Price Burgs,Samanthafurt,30384
12877,Rebecca Alvarado,8484 Philip Rue,North Paul,55537
12901,Toni Cherry,0856 Frost Estates,New Debrastad,12565
12908,Michael Nicholson,3884 Michael Tunnel Suite 713,New Susan,75177
12913,April Nelson,504 Hannah Plaza,Lake Andrew,61451
12915,Laura Sanchez,849 Torres Lights,Lisaside,16921
12916,Paula Moreno,4779 Gary Springs Apt. 946,Bowmanview,29471
12921,Andrew Alvarez,1839 Katie Haven,Port Carlahaven,89843
12924,Eric Contreras,0673 Villegas Parkway,Benjaminfort,92659
12928,Maureen Simpson,8909 Nicole Cape,West Theresafort,81808
12929,Dawn Ward,73561 Stafford Common Suite 642,Walterchester,22834
12931,Dr. Kristin Stevens,49090 Riley Land Apt. 264,Anthonyhaven,83804
12935,April Baker,0723 Michelle Freeway Suite 901,Christopherside,81480
12939,Melissa Powers,0236 Hawkins Ford,North Derekton,06253
12942,Jade Horn,46093 Ramirez Islands Suite 449,New Dominiqueside,77404
12944,Jessica White,08239 Justin Cliffs,East Joseph,91887
12947,Matthew Ross,84623 Amy Gardens,North Sean,01799
12951,Gina Bennett,206 Debra Key,South Heatherside,92199
12956,Rachel Edwards,150 Nicole Bypass Suite 617,Harriston,92582
12957,Melissa Miller,962 Horton Fall Apt. 673,North Cristinafurt,35031
12963,Christopher Gallegos,9662 Bryant Islands Apt. 681,Eddieburgh,82980
12967,Lisa Kline,7451 John Vista,Johnsonburgh,81428
12970,Crystal White,60337 Arnold Courts Apt. 997,Henrymouth,67048
12971,Tiffany Gilbert,9068 Gutierrez Roads,Scottbury,07343
12980,William Robinson,268 Robert Throughway,East Denise,23249
12989,Sandra Anderson,793 Mcclain Radial,Lake Jamesland,93367
12990,Danielle Terry,3357 Shawn Summit,Thomasburgh,35195
12997,Samantha Hammond,83133 Rivera Stream Suite 070,Jensenhaven,43545
13000,Jordan Stevenson,39972 Omar Prairie Suite 421,North Emilyfurt,89640
13001,Olivia Hobbs MD,58848 Bowen Circle,Johnsonstad,48152
13002,Courtney Kelly,7432 Martinez Shoals Apt. 277,Lisafurt,04166
13004,Laura Barber,6334 Parker Lights,Adamsside,44738
13008,Emily King,5654 Jeremiah Cliff Suite 144,West Matthewberg,55361
13011,Kristen Bright,995 Maldonado Springs,Lake Wesleyborough,70040
13013,James Collins,715 Jessica Forest Suite 000,Wongstad,77967
13020,Taylor Walker,59695 Oliver Shoals,North Melissaland,40557
13021,Kenneth Thomas,72521 Joseph Alley,Melissachester,65487
13024,Alfred Fitzgerald,69814 Wong Ridges Suite 967,Sandrahaven,60691
13027,Tamara Miller,3490 Melissa Path,Lake Daniel,24574
13029,Beth Long,2875 Gail Expressway Suite 082,East Brianfurt,25439
13030,Frank Edwards,47729 Katelyn Manor Suite 154,Simmonsborough,53013
13033,Anthony Herring,01552 Brandon Mission,South Adambury,95367
13034,Sharon Goodwin,0571 Small Parkways Apt. 860,Taylorborough,98838
13044,Katherine Larson,46265 Anne Canyon Suite 621,New Harold,83500
13047,Fred Goodman,14983 Ross Radial Suite 551,Jerryton,80884
13048,Matthew Ward,285 Rodriguez Extension,Lake Aliciaville,24041
13049,Michael Mathis,3141 Christina Tunnel,Lozanoview,65567
13050,Katelyn James,921 Donald Parks Suite 093,Westchester,54822
13064,Jeffrey Scott,4634 Johnson Lake Suite 035,Cummingshaven,16732
13065,Nicole Schultz,407 Rodriguez Shore Suite 605,Millerberg,18394
13067,Nichole Leon,38103 Melissa Mountain Suite 919,Robertobury,37244
13068,Andrea Jones,1933 Crystal Falls Suite 182,Port Alexismouth,89721
13069,Lori Lin,31344 Perez Union Apt. 838,Hollandhaven,85439
13077,Donna Oliver,44891 Hall Locks Suite 602,Jeffersonbury,19489
13078,Lisa Walsh PhD,347 Rodriguez Gateway,South Christopher,84479
13081,Elizabeth Dean,6672 Gonzalez Gardens Suite 190,Sandraport,77701
13082,Blake Green,71788 Morrow Estates,West Christyview,77133
13089,Stacie Morris,672 Michael Ford,Royview,54264
13090,Cody Newton,15627 Corey Light Suite 168,Port Billymouth,95289
13092,Christina Reyes,92317 Robinson Parkways,Jennifermouth,66812
13093,David Joseph,4511 Taylor Garden,Lake Margaretbury,14365
13094,Justin Lutz,03823 Alexander Squares,North Mariamouth,63943
13097,Herbert Koch,091 Karina Fords,North Ashleeland,62971
13098,Kelly Williams,07702 Elizabeth Groves,Port Karenland,42266
13102,Amber Tucker,01027 Natasha Shoal,West Jessica,47891
13104,Sheila Kennedy,04247 Christopher Motorway Suite 070,Ashleychester,11459
13106,Raven Anderson,08899 Cortez Dam Apt. 819,Heatherport,73671
13107,Allison Miller,2625 Kimberly Estates Suite 542,Hardingmouth,77011
13108,Katherine Gonzales,346 Jackson Lights Suite 021,Port Ashleyshire,37722
13110,Debra Steele,915 Jesus Track,North Anthony,74610
13113,Paul Cole,406 Chavez Island,South Tracy,33660
13115,Ashley Fleming,66466 Dana Overpass,Lorifort,34472
13117,Scott Cortez,8010 Adams Plain,New Joel,70278
13124,Grant Hunter,1524 Brandon Harbors Apt. 991,Lake Mark,25589
13126,Alicia Vaughn,159 Victoria Ways,South Samantha,74954
13136,Mary Douglas,51609 Norman Rapid,Deannaport,78679
13137,Jason Anderson,8313 Young Center,East Kim,43711
13138,Pamela Adams,78553 Rios Place,West Samuelland,62555
13140,Joseph Brown,971 Mcconnell Parkway,Lake Kristenburgh,74599
13141,Jessica Peterson,8840 Travis Road,Lake Marybury,90483
13144,Adrian Gomez,2352 Rachel Corner,Port Margaret,25158
13145,Anita Clark,46966 Jose Parks Suite 672,Port Brianna,09586
13148,Jose Andrews,8511 Robert Trail,Johnathanmouth,23583
13155,Rebecca Marshall,8476 Edwards Spur,Riverafort,38250
13158,Anne Freeman,868 Sullivan Plaza,East Michael,79751
13161,Ashley Dawson,867 Woods Dam Apt. 462,Joshuatown,87754
13162,Angel Valenzuela,53472 Angela Route,Lake Austin,37095
13165,Wendy Salinas,8899 Amy Summit Apt. 110,Hillview,46538
13167,Taylor Moore,83374 Wagner Station Apt. 768,Williamsborough,49036
13168,Jenna Wallace,1230 Deborah Field Apt. 467,Glennborough,54673
13173,Kristine Harris,15471 Morgan River,West Matthew,99153
13174,David Cox,158 Gonzalez Tunnel Suite 114,Underwoodshire,22747
13178,Melissa Douglas,800 Moore Land Suite 776,West Phillipshire,86688
13183,Cathy Willis,7391 Jessica Hill,Port Michaelview,51494
13187,Susan King,16621 Hudson Canyon,Markville,82975
13195,Elizabeth Lewis,368 Scott Orchard,Martinezburgh,24102
13198,Jacob Henry,1925 Mcgrath Divide Apt. 910,Perezshire,91343
13199,Ernest Harris,46485 Higgins Lodge Apt. 816,Tracieport,63802
13208,Meredith Ferguson,7332 Steven Squares,North Alecmouth,39473
13209,Sheila Davidson,653 Kim Station Apt. 586,New Cameronfort,03230
13211,Kristen Adams,8634 Moore Village,Jamesfort,22354
13221,Lisa Bolton,606 Edward Villages,Port Linda,14115
13225,Anita Erickson,6933 Gregory Parks,New Amberhaven,83769
13230,James Poole,5110 Hernandez Vista Apt. 968,Mayville,19395
13233,Bryan Hanson,4306 Paul Glen Suite 335,Port Courtney,82871
13238,Jerry King,339 Brian Squares,Yuhaven,76272
13240,Kathleen Roberts,76488 Michelle Junctions,Sarahborough,60604
13246,Heather Fuentes,530 Cassandra Mills Suite 802,North Tanya,43848
13253,Justin Hernandez,7390 Turner Isle Suite 381,Williamsville,51907
13255,David Farrell,23323 Lee Parks,Maureenport,40788
13263,Justin Anderson Jr.,88729 Brian Forge Apt. 386,Nobleborough,78794
13266,Danielle Smith,7021 Steven Villages Apt. 080,South Jeffery,98182
13267,Stephen Hunt,07744 Timothy Roads Apt. 288,Lake Henryview,55385
13269,Martha Price,6746 Casey Square,South Amanda,45448
13270,Frank King,6867 Lisa Port,South Kyle,31130
13280,Diana Martin,241 Clark Station Apt. 202,New Thomas,58217
13282,Samantha Rodriguez,08841 Day Lane,Raymondfurt,91346
13284,Hailey Jones,97979 Smith Alley,Meganmouth,12673
13287,Michelle Bryan,9844 Lee Ports Apt. 335,West Carolyn,21964
13295,Jessica Ho,43766 Dixon Radial Suite 282,Christopherport,82970
13304,David Flowers,1590 Webb Squares Suite 995,Vaughanborough,24165
13305,Susan Mcbride,289 Nicholson Shoal Suite 134,Lake Devon,33739
13309,Cameron Martinez,770 Dennis Haven Apt. 024,Darrellton,97084
13310,Daniel Pace,346 Brooks Meadows,West Victor,36058
13313,Frank Smith,29278 Wright Parkways,New Valerie,87670
13317,Gina Lopez,8776 John Canyon Apt. 392,New Jasonchester,34464
13319,Katherine Fowler,452 Amanda Spur,Williamtown,78576
13324,Andrea Cook,5881 Houston Drive Suite 287,East Heather,85612
13325,Nancy Ortega,8186 Russo Springs Apt. 531,North Jamie,49570
13327,Emma Jensen,164 Reginald Rapid Apt. 217,Stephensonfurt,17139
13328,James Kennedy,3466 David Mission Suite 733,North Kathrynview,37670
13329,Christopher Martin,735 Smith Mount Apt. 600,West Daisy,25985
13330,Julia Johnson,190 Ivan Island Apt. 386,Meganchester,47640
13339,Kathy Fields,264 Ochoa Stream,Port Jonathanchester,78267
13368,Richard Stone,354 Elliott Ridge,Sullivanhaven,65030
13369,Dr. Jamie Medina,69459 Maldonado Springs Apt. 450,West Shari,81826
13370,Jonathan Martin,4398 Smith Islands Apt. 337,Johnborough,76031
13374,Bradley White,18458 Todd Crossing,Scottberg,92361
13383,Nicholas Zimmerman,4184 Rowland River,Hickmanborough,37320
13385,Jamie Medina,1477 Carlson Turnpike Suite 098,New Brian,70642
13394,Dr. Michael Byrd,29773 Stephanie Port Suite 129,Port Anthonychester,94231
13396,Russell Stewart,12594 Anthony Crossroad,Alicialand,41259
13397,Richard Cooke,28319 Farley Island,Wallaceland,28007
13402,Philip Holden,97021 Decker Walk Apt. 915,Pearsonmouth,50115
13405,Amy Campbell,2422 Griffin Knoll Apt. 880,Warechester,03330
13408,Cody Nguyen,581 Stephen Mill Apt. 532,Port Eric,84778
13418,Shannon Chapman,1644 John Square Suite 743,South Michaelmouth,39005
13420,Heather Smith,3489 White Square,New Johnberg,76518
13426,Aaron Turner MD,284 Patterson Drives,South Brian,36447
13435,Casey Bentley,399 Tyler Overpass Apt. 856,West Gary,19173
13448,Michele Yates,68644 Olson Mountain Suite 421,Port Jonathanberg,75176
13451,Douglas Rogers,7398 Adams Skyway Suite 142,Joshuashire,38604
13455,Shelby Mcclure,518 Carr Pass Apt. 966,Jordanview,07386
13456,Sydney Morton,2467 Jarvis Gateway Suite 648,New Nicholasport,33806
13458,Erin Rodriguez,2962 Chung Points Suite 331,Johnburgh,56689
13462,Michelle Anderson,8245 Harris Springs,Ryanfort,54068
13468,Dylan Shannon,13386 Sarah Creek,Lake Erikashire,78990
13473,Karen Armstrong,82578 Floyd Divide,Sweeneyburgh,38987
13481,Joseph Cantu,90963 Ebony Views,Port Ashleyland,70233
13487,Brian Butler MD,4716 Davis Falls,Danielborough,72868
13488,Angela Matthews,991 Friedman Fall,Port Katherine,63256
13491,Megan Gallagher,1891 Manuel Roads,South Tracey,57166
13494,Gary Torres,839 Carpenter Gardens,North Benjamin,38065
13495,David Perry,0744 Todd Trace Suite 692,Lake Tammy,69248
13496,Emily Harrison,6775 Hayley Street,Brooksside,21089
13497,Beth Bell,438 Humphrey Glen Apt. 823,Patriciaton,40010
13502,Kristen Shah,47760 Jocelyn Field,Youngfort,32914
13506,Henry Monroe,519 Eileen Summit Apt. 175,Port Lisa,85636
13510,David Short,0642 Christopher Freeway Apt. 289,Moralesborough,30886
13520,Samantha Munoz,14573 Stephanie Flats Suite 594,Port Anthony,79815
13523,Christy Gomez,57217 Obrien Vista,West Holly,11475
13527,Briana Berg,615 Joe Shoals Suite 818,Lake Steven,34089
13531,Melissa Gonzalez,602 Amy Drives Apt. 683,Robertsonport,80971
13534,Susan Melendez,26502 Mary Neck,Lake Markside,45096
13538,Kevin Hanson,705 Andre Trail,East Miguelmouth,21844
13539,James Hobbs,353 Thomas Villages Suite 997,Lake William,34874
13551,Maureen Rodriguez,050 Jeffrey Light,Port Amy,30878
13552,Sydney Davis,750 Boyd Burg,Rogerburgh,87367
13564,Thomas Kelley,19438 Schwartz River,West Matthewland,98599
13565,Sara Hunter,20694 Hoover Ville,Sharpton,13319
13569,Ryan Jones,68773 Tamara Knoll,New Richard,40929
13576,Michael Contreras,19497 Hartman Ports,Sparksside,11460
13579,Sherry Christensen,433 Paul Glens Apt. 587,Nicoleside,79031
13581,Amy Zhang,31225 Kristina Springs Apt. 841,Lake Tanya,43599
13584,Tony Gilmore DVM,573 Villanueva Bypass Apt. 856,Davidshire,59675
13593,Cody Robinson,88119 Thomas Hill Apt. 012,Lake Joe,89629
13599,Hailey Strickland,688 Horton Harbor Apt. 384,North Aaronhaven,87139
13600,Stephanie Baker,4538 Michael Underpass Apt. 223,Sanchezmouth,61509
13606,Sharon Lewis,850 Pope Falls Apt. 290,Cruzville,13487
13611,Jill Patel,5301 Diana Ridge,New Eddiemouth,11888
13614,Jeffrey Bates,21795 Ricardo Mountains Suite 914,Gregoryland,11512
13615,Mary Joseph,38493 James Mills Suite 424,Christopherport,62513
13627,Danielle Riddle,335 Katrina Cliff,Grantstad,86724
13629,Amy Nelson,994 Elizabeth Shores Suite 426,Johnstad,85348
13634,Steven Reese,4320 Leslie Unions,West Alexander,39987
13649,Melissa Miller,290 Lisa Roads Apt. 372,North Johnmouth,61010
13652,Madison Khan,438 Gina Shore Apt. 812,Jimenezland,55539
13656,John Martinez,899 Yang Route,South Kimberly,27401
13659,Susan Martin,605 Campbell Villages,Thomasview,24745
13668,Katie Munoz,1601 Molina Ridges Apt. 800,East Rebeccatown,75891
13672,Rachel Price,1732 Ronald Glen Suite 728,Port Amy,32060
13680,Todd Mcmillan,912 Elizabeth Walk,New Amberville,14339
13688,Aaron Nguyen,4066 Sara Burgs Suite 978,Port Kimberlyburgh,12860
13693,James Reynolds,333 Glen Station Suite 050,Thomasfort,99616
13694,Elizabeth Gray,55962 Jones Springs Apt. 580,Lindamouth,97950
13700,Gregory Harris,35084 Tasha Ridge Apt. 148,North Nicholas,20439
13703,Rebecca Mack,5300 Norman Stream Suite 711,Judyton,63104
13705,Wendy Hernandez,800 Mitchell Views Apt. 890,West Brandychester,65392
13707,Janet Garcia MD,1763 Michael Square,Woodardland,56959
13709,Dominique Collins,34902 Anthony Ridges,East Austinmouth,19008
13715,Todd Sanders,76968 William Port Suite 784,South Thomasburgh,18037
13725,Megan Diaz,399 Huerta Plain Suite 444,Lake Henry,40536
13728,Sandra Lewis,902 Perry Knoll,East Diana,26203
13742,Deanna Harrison,91548 Laura Roads,Smithbury,20952
13747,Jean Alvarado,1741 Hawkins Creek Suite 347,East Daniel,39239
13748,Evelyn Morgan,393 Rivera Ferry,Michaelfort,73576
13750,Collin Strickland,429 Gregory Groves,South Chaseside,97065
13754,Daniel Odom,881 Michelle Viaduct Suite 099,Lake Tommystad,40902
13756,Kathleen Lewis,783 Brittany Loop,Port Kelseyborough,69522
13758,Timothy Coleman,59541 Livingston Village,Ericshire,29254
13764,Chad Miller,5951 Brown Extension,Lake Candacehaven,83588
13767,Sandra Martin,37268 Melissa Track Suite 154,New Jennifer,26989
13769,Stephanie Moore,54591 Mark Court,Brownside,03414
13777,Donna Scott,9149 Rhonda Spurs Suite 854,West Dalton,69782
13782,Jesse Wright,6299 Amanda Square Suite 035,West Kevin,52972
13784,Paul Fuller DDS,334 Daniel Fall Suite 702,West Alexander,36796
13786,Scott Gonzalez,210 Scott Lock,Michaelfurt,91028
13787,Amber Williams DVM,077 Julie Shores,Kristinstad,34775
13798,Marc Keller,787 Matthew Route Apt. 766,West Richardview,97696
13800,Monica Acevedo,86895 Marie Hills Suite 191,Lake Cindy,60269
13802,Patricia Serrano,216 West Heights,East Frank,68896
13807,Katherine Huynh,04904 Warner Forest,East Jason,53739
13810,Kimberly Flores,42143 Travis Spur,Hillburgh,65434
13815,Shelby Mora,6145 David Ranch Apt. 583,Aliciastad,29274
13817,Andre Collins,6575 Travis Terrace,West Jamesmouth,94096
13819,Mrs. Debbie Henderson,33363 Harrington Parks,Davidhaven,77827
13824,Michael Carpenter,85384 Heather Avenue Suite 642,New Kathleen,42030
13829,Alison Stone,2219 Cooke Plains,Shawnmouth,01038
13831,Tamara Moore,8697 Susan Estate,New Dominiqueland,93093
13837,Angelica Torres,14187 Robert Gardens,Shellystad,94433
13838,Marissa Irwin MD,60887 Dorsey Isle Apt. 669,Port Curtismouth,88930
13842,Brooke Myers,916 Mendoza Plain Apt. 046,West Jesse,62043
13846,Jodi Roberts,984 Melissa Radial Apt. 504,Martinezhaven,81859
13848,David Alexander,9662 Chandler Burg Suite 254,South Robertport,88748
13854,Heather Mullins,974 Andrew Rest,Leroyborough,78854
13859,Mark Rodriguez,608 Casey Pines Suite 451,Port Jameschester,73169
13862,Marcus Stanley,9895 Harris Mountain Apt. 972,Brianshire,96861
13869,Sarah Mann,6037 Whitney Viaduct Apt. 538,Mooreborough,39410
13871,Crystal Martin,50361 Jennifer Springs,Lake Haley,74170
13873,Joshua Ballard,12572 Phillip Crossroad Suite 400,Staceytown,52666
13874,Rachel Hartman,912 Melissa Point Apt. 952,South Donald,30850
13880,Ashley Ortiz,845 Jerry Valleys,Garyburgh,47799
13881,Jane Beasley,78911 Brian Pass,Laraburgh,79041
13883,John Lewis,85020 Kyle Heights Suite 884,Carterland,77180
13890,Sarah Flores,228 Combs Locks Suite 765,Woodsborough,20610
13894,Kristen Butler,79697 Adam Haven Suite 144,West Jon,39929
13898,Andrea Wright,86804 Ross Knolls Apt. 238,Port Bonniemouth,46247
13901,Alexis Barrett,069 John Islands,Smithtown,25036
13911,Frank Collins,0306 White Circle,Thompsonberg,28520
13922,Jennifer Nelson,84871 Jose Islands,East Randy,28457
13929,Tracy James,4092 Martinez Trace Apt. 281,Lisaberg,13694
13939,Brandon Andrews,8915 Kristina Terrace,Fullerberg,11760
13941,Alison Adams,006 Nicholas Village Suite 377,North Joshua,18529
13948,Melanie Sexton,786 Kenneth Glen Apt. 693,East Reneeview,89162
13953,Brenda Decker,651 Robert Vista Suite 931,North Tammy,09501
13958,Whitney Smith,0824 Lane Union Suite 119,Port Mitchellside,33171
13959,Justin Valentine,625 Debra Shoal,Janetview,86303
13963,Nicole Brooks,37224 Smith Mountain,Larsenton,92288
13964,Anne Lee,63164 Caroline Dale Apt. 479,North Bailey,11657
13969,Haley Lewis,02137 Robert Green Apt. 473,Jenniferberg,07797
13982,Julie Smith,993 Victoria Isle,Bushhaven,92037
13983,Aaron Long,918 Bradford Club,Mikebury,59627
13984,Lauren Rivera,490 Tyler Creek Suite 063,Ryanstad,61515
13993,Luis Bailey,1003 Savage Prairie Suite 168,Leahshire,68114
13999,Christina Dunn,124 Herrera Heights,Robertton,69623
14001,Jo Bartlett,249 Walls Plaza,Port Lisamouth,04984
14006,Pamela Cantu MD,900 Samantha Run Apt. 878,Tinafort,31398
14016,Benjamin Scott,8571 White Rue,South Ryan,06433
14030,Brandy Fields,172 Butler Mills,South Brandy,46599
14031,Paula Rios,47932 Russell Rue,Port Joshua,89390
14032,Charles Mills,167 Michael Path Apt. 660,Anthonymouth,97637
14037,Tyler Peterson,0974 Melinda Station Apt. 993,Stephanieport,83577
14040,Joann Thomas DVM,1693 Tina Inlet Apt. 612,West Karitown,55249
14044,Sean Murray,9072 Matthew Mission Apt. 185,Port Joseph,78680
14045,Lauren Lopez,52792 Morgan Garden Apt. 853,Georgebury,98681
14047,Danielle Payne,213 Anna Drives,Armstrongbury,20816
14049,Michael Cantrell,81245 Jessica Via Apt. 723,Patriciamouth,10948
14051,Lee Higgins,212 Gregory Harbors,Johnsonhaven,16014
14054,Logan Schmidt,94379 Brian Stravenue Apt. 582,South Frank,75172
14057,Gary Blair,24540 Tyler Grove Suite 632,East Scott,94400
14060,Marissa Hall,2710 Hart Crest Apt. 930,Johntown,90584
14062,Tammy Barry,446 Ronald Via,South Sandrachester,56644
14068,Damon Acosta,201 William Mountains Apt. 639,North Lisa,03076
14074,Steve Hanson,51722 Brown Trail Suite 102,Port Randall,58953
14078,Sheila Taylor,709 Stephen Rapids,West Mitchellfurt,81296
14081,Cindy Gallagher,1319 Aaron Club,South Christianburgh,90551
14082,Crystal Howard,876 Deleon Lake Apt. 984,Gabriellastad,16034
14083,Matthew Hernandez,84184 Cohen Glens Suite 341,Port Wayneview,82685
14085,Maria Warner,858 Martin Track,Stevenmouth,68340
14088,Dennis Griffin,512 Jacobs Glen Apt. 312,Port Annetown,13461
14090,Suzanne Kent,5171 Davis Crossroad,Taylorport,67980
14092,Jessica Walker,37800 Holly Causeway,North Alexandria,30292
14099,David Duran,00658 Thompson Ways Suite 025,Patrickchester,31538
14101,Phillip Ortega,80236 Adams Falls,Antoniostad,42101
14107,David Wilkins,52676 Joshua Wells Apt. 382,New Elizabeth,71995
14113,Joseph Parker,059 Brad Parkways,South Savannah,99532
14114,Oscar Steele,8493 Powers Row Apt. 930,Garciaton,87528
14119,Mr. Robert Sullivan,7249 Fleming Freeway,Townsendview,88657
14127,Jennifer Harris,068 Dawson Parkway,West Karen,78792
14130,April Maddox,398 Daniel Ports Suite 957,South Gary,29120
14133,Valerie Gonzalez,327 Scott Centers Suite 726,Shepardville,03261
14135,Chelsea Sullivan,293 Castaneda Valleys,South Garystad,70351
14137,Jamie Davis,99414 Tammie Crossroad Apt. 609,West Donald,03785
14141,Sierra Lowe MD,5300 Douglas Keys Suite 516,Schmidtstad,22864
14142,Krystal Lopez,60086 Julie Dam,Davisfurt,12940
14146,John Rivera,86427 Jennifer Freeway,Port Andreashire,71735
14150,Andre Merritt,52989 Hicks Brooks Suite 342,South Anthonybury,12257
14156,Michelle Smith,1860 Johnson Crossing,Ramoschester,58606
14159,Taylor Petersen,25341 Odonnell Well Suite 901,Thomasville,72732
14161,Betty Tucker,6200 Ibarra Grove,Lake Amber,88591
14167,Edwin Williamson,5356 David Mill Suite 905,Seanton,05482
14175,Randall Dean,495 Cheryl Roads Apt. 960,New Christopherview,27502
14176,Brittany Collins,064 Alan Row Apt. 878,Pamland,07717
14180,Vicki Klein,942 Williams Via,Krististad,02332
14185,Kelly Gibson,6622 Allen Shores,Lake Jeffrey,96516
14187,Jennifer Gonzalez,683 Gomez Rapid,Tonymouth,11900
14188,Karen David,68435 Cheryl Forges,Scottview,60836
14189,Anna Erickson,6528 Hernandez Turnpike,Wadechester,33948
14194,Thomas Harris,37902 Curtis Glen,Stephenborough,25325
14198,Bryan Shelton,21052 Payne Walks Suite 792,Robertsfurt,90299
14201,Ashley White,5330 James Ridge,Wilkinsside,31037
14205,Dylan Salas,442 Brian Loaf Apt. 181,Dawsonfurt,16793
14206,Amber Thompson MD,9187 Debra Greens,East Jacob,57058
14209,Sally Ellis,56660 Vincent Lane Apt. 255,Jenniferview,97422
14210,Tricia Villarreal,660 David Junctions Suite 308,West Johnbury,94484
14213,Miss Sarah Singh DVM,843 Garcia Turnpike,Clarkfort,37825
14215,Stephanie Harris,15394 Clayton Turnpike Suite 388,South Manuelside,42718
14217,Monica Bonilla,1905 Samantha Manors Suite 548,Clarkborough,33399
14220,Amber Henderson,375 Obrien Camp,South Janefort,72590
14221,Stephanie Johnson,574 Andre Forge,Lake Jessicamouth,64195
14224,Cheryl Joseph,02442 Campos Corner Suite 298,Alishaport,67889
14226,Elizabeth Snyder,0582 Goodman Pines Apt. 515,West Christina,21669
14229,Ricky Decker,4906 Washington Stravenue Apt. 059,Victorialand,97332
14233,Janet Stanley,70165 Clark Brook,Lake Pamelatown,10724
14234,Miss Heather Rose,19434 Timothy Field,North Jeremystad,56457
14236,Catherine Smith,8359 Patricia Mission Suite 314,Lake Brendamouth,31003
14237,Marie Smith,216 Joseph Key Suite 388,South Stephenport,75601
14238,Lawrence Peterson,033 Christopher Divide Apt. 434,Heatherview,23684
14239,Tiffany Chan,0637 Joseph Estate,Kennethburgh,60541
14242,Susan Hudson,756 Rachel Cove,New Kellyport,69759
14243,Henry Estes,364 Gary Ridges,North Jason,69817
14248,Anthony Guerrero,11797 Ruiz Cape Apt. 748,New Gailmouth,26155
14256,Jackie Klein,02934 Glenn Dale,Port Todd,56452
14257,Crystal Lin,617 Stacey Lock,Thomasburgh,20719
14258,Judith Anderson,117 Briana Islands Suite 337,South Nicholas,10745
14264,Howard Rodriguez,80410 Timothy Spur Suite 202,Lake Kimberly,12317
14269,Andrew Spencer,44429 John Causeway,Joanntown,74239
14270,Maxwell Moore,197 John Brooks Apt. 341,North Brian,82249
14276,Michael Scott,2832 Leonard Forge,East Raymond,33579
14282,Laura Edwards,399 Anthony Square,Rodriguezport,81492
14290,Shirley Lawson,551 Tyler Coves Suite 078,Perryhaven,63444
14292,Justin Lawson,8433 John Track,New Jessicahaven,78822
14293,Grace Sims,737 Matthew Terrace,South Kendra,16147
14295,Michelle Dennis,0536 Derek Wall,Lake Michael,03999
14298,Erik Jordan,0678 Dustin Underpass Apt. 190,East Alexis,92112
14299,Cindy Alvarado,6094 Dixon River,Jasonshire,65538
14307,Savannah Frye,61457 Brittany Meadows,Nataliebury,47539
14309,Tammy Hodges,75473 Donald Springs Suite 684,East Stephen,16336
14312,Kevin Lewis,64866 James Course,Port Brandy,12988
14320,Linda Mullins,36321 Patel Route,Port Joy,01407
14321,Heather Griffin,6984 Mary Corners Apt. 722,Frankborough,51865
14329,Christine Schmidt,95331 Sonya Plain,Kathrynburgh,29482
14332,Cynthia Jennings,23314 Pierce Extensions Suite 904,Littleton,94061
14334,Patrick Thomas,5153 Reyes Roads,West Sarah,55397
14341,Mrs. Susan Walker,192 Christopher Ville Apt. 482,South Seanside,58246
14342,Denise Chambers,184 Bailey Ports Apt. 657,Hilltown,05116
14344,Nichole Reid,293 Lyons Skyway,Waltersfort,03937
14355,Amanda Case,9104 Stephanie Shore Suite 650,New Carla,47595
14363,Ashley Garcia,51836 Schroeder Manors Apt. 594,Mcgrathport,27981
14368,Alyssa Stevens,47120 Potter Loaf,Pearsonland,96087
14373,Rachel Salinas,7207 Ellis Stream Suite 668,Tracymouth,69681
14388,Andrea Duncan,30018 Wallace Lake Apt. 269,Port Christopher,44676
14389,William Graham,139 Robert Squares,Elizabethmouth,41876
14390,John Moreno,9998 Alice Run Suite 208,Dustinborough,62970
14395,Sean Gomez,328 Kevin Land Apt. 845,Riceborough,02470
14396,Marcus Williams,88362 Mercer Estate Suite 297,South Ariel,57761
14401,Dawn Johnson,7402 Ramos Plaza,South Saramouth,09504
14404,David Bennett,009 Cortez Burg Suite 301,Michelleland,93233
14409,John Winters,54367 Edward Wall Apt. 211,Lewisstad,28672
14410,Melinda Johnson,3602 Jimmy Plain Apt. 900,East Eric,90827
14411,Megan Mcmillan,577 Eaton Crossroad Apt. 041,East Steve,08501
14413,Taylor Turner,2339 Anna Trace Apt. 974,Samanthamouth,20877
14414,Claire Grant,372 Manuel Dale,Port Brenda,27367
14415,Timothy Carson,32963 Wong Villages,South Jeffrey,31490
14419,Robert Vasquez,0360 Virginia Inlet,South Aimee,86704
14426,Veronica Archer,5355 Natasha Inlet,Reyesburgh,70979
14428,Wendy Miller,6950 Samantha Station,South Marcus,88265
14437,Janice Green,819 Michael Mews Suite 494,Greenshire,03222
14438,Dana Taylor,8149 Evans Mount Suite 557,New Drew,64456
14439,Kimberly Morris,824 Brian Locks Suite 314,Williamsshire,02949
14440,Tina Cordova,708 Evans Causeway,Harrisfurt,42298
14441,Russell Tapia,4607 Crystal Plains,Stephanieberg,56930
14442,Elizabeth Diaz,03968 Sarah Village Suite 653,Port Heatherchester,98632
14443,Caroline Simmons,54346 Long Throughway,Donnachester,82268
14448,Gloria Davis,51463 Natalie Islands Apt. 868,Mariahshire,44619
14449,Zachary Rivera,57601 Lozano Mountains Apt. 883,South Ashley,27741
14450,Elizabeth Perry,7250 Abbott Road,Velazquezfort,31200
14456,Morgan Barker,58383 Davis Brook,Boothville,93706
14457,Lisa Wheeler,86859 Michele Street,Hendrixfurt,46885
14460,Mary Gonzalez,464 Soto Canyon Apt. 682,Michaelfurt,74141
14462,Mary Herrera,5826 Elliott Views,East Elizabethmouth,50565
14466,Julie Daniels MD,8472 Justin Plains Suite 887,North Chaseborough,08436
14467,Amy Brewer,02860 Murphy Inlet,Lake Jessica,15275
14472,Mercedes Berry,14980 Chris Dam,Brandonstad,03051
14479,Mariah Brown,1966 Jennifer Shoals,East James,95603
14487,Angela Pham,802 Lee Lake,Marystad,48158
14491,Amanda Koch,9920 Pham Place,North Rachelville,06813
14495,Allison Tanner,9974 Ryan Hill,Gravesburgh,55847
14496,Jordan Morgan,03405 Leslie Dale,East Oscar,46104
14497,William Rogers,8634 Campos Rapid,East Susan,23377
14498,Tammy Rodriguez,7918 Robin Turnpike,Kelleymouth,29273
14501,Heather Rivas,56131 Rodgers Brooks Suite 429,Lake Darryltown,80827
14502,Justin Smith,1234 Gabrielle Mission,Port Edward,04333
14505,Denise Ward,068 Dustin Divide Apt. 182,North Thomasshire,78198
14506,Karina Miranda,747 Jackson Estates Apt. 612,Hartmanborough,20713
14514,Colleen Scott,758 Kim Mews,North Anthony,41758
14524,Taylor Peterson,855 Jacqueline Loop Apt. 443,West Harry,61994
14525,Jessica Medina,92391 David Groves,New Loritown,33868
14527,Thomas Lee,30960 David Cliffs,South Elizabethview,93842
14532,Katie Martinez,069 Kristin Fields,North Colleenstad,12259
14533,Rachel Brown,5666 Jodi Gardens Apt. 525,Jeffreychester,65084
14534,Victor Morgan,77244 Kenneth Cape Apt. 681,Adammouth,67558
14540,Christine Walsh,79379 Moran Mission,South Laura,85655
14541,Cynthia Johnson,5688 Medina Mountains,Port Joshua,73351
14543,Steven Hebert,6342 Theresa Land,Port Bradley,66877
14544,Christopher Graham,3058 Robinson Via Suite 230,Heatherhaven,18774
14548,Danielle Thompson,120 Joanne Canyon Apt. 018,Jamestown,56864
14549,Katherine Elliott,97356 Jack Course,Stevensport,04843
14553,Jennifer Jones,278 Meyers Rue Suite 066,New Chad,08977
14560,Thomas Soto,9437 Harris Parkways,Lake Douglas,66520
14565,Kari Mann,8690 Lambert Port Suite 754,West Michael,46180
14567,Jennifer Sullivan,7230 Moore Point,West Ashley,51854
14572,Brenda Hamilton,50075 Rodriguez Islands,Hornbury,34257
14573,Matthew Weaver,3722 Gray Tunnel Apt. 692,Ericstad,23554
14576,Karen Serrano,3866 Harris Point Apt. 736,Lake Jameshaven,65909
14577,John Bowen,924 Judy Drives,North Breannaville,73585
14587,Lindsay Lyons,68139 Vargas Street,Port Breannastad,96137
14589,Samantha Mcmillan,611 Garrison Estates,Bethbury,24669
14594,Jared Jones,13232 Smith Manors Suite 625,Jasonburgh,59035
14595,Brandi Brown,71962 Jessica Islands Apt. 413,Martinmouth,80657
14600,Heather Bernard,5302 Kyle Cliffs Suite 282,Gonzalezshire,07803
14606,Alexandra Garcia,80941 Joshua Shoal,Hernandezside,16704
14608,Megan Clark,68342 Jacqueline Port,West Abigailland,22499
14616,Pamela Medina,590 Meadows Street,North Elizabethborough,23182
14618,Timothy Rosales,5067 Derrick Crossing Suite 225,Lake Kyle,85541
14621,Sarah Raymond,828 Melissa Mills,Tiffanyview,03775
14625,Maria Mills,5325 Russell Groves,North Anthony,69967
14627,Rachel Garcia,25547 Paige Ridges Suite 705,Bentleyton,09245
14639,David Davenport,4505 Fisher Run Apt. 075,Amandaview,91027
14643,Cynthia Wagner,161 Landry Neck Suite 776,South Kenneth,62344
14646,John Boone,794 Joseph Parkway Apt. 778,Cardenasside,50944
14653,Michael Smith,88385 Holmes Light,East Angela,02758
14657,Gary Patrick,494 Christopher Springs,North Joshua,01225
14659,Ashley Perez,197 Cook Mews,North Charles,53442
14662,Devon Rubio,4798 Kelly Brook,Barberview,50062
14665,Jamie Wallace,1829 Kevin Groves Suite 685,North Brittany,64910
14667,Yolanda Payne,9076 Hawkins Vista,Kendraside,29124
14669,Mrs. Shelley Wood,7403 Cox Forest Suite 856,Bradleyview,79695
14672,Jeremy Fowler,74023 Rivera Route Apt. 741,Perezmouth,55599
14673,Brian Gilmore,048 Cynthia Streets Apt. 041,Williamland,44435
14679,Christopher Watkins,2116 Burgess Points,Lake Sierrashire,74808
14680,Mary Turner,98778 Kari Drives,South Matthewborough,48356
14684,Theresa Cole,00218 Ibarra Underpass Suite 880,Marissaberg,87999
14688,Kendra Brady,80291 Smith Extension Apt. 955,Lake Laura,89436
14692,Laura Greene,317 Raymond Avenue,Christopherfort,29935
14696,Thomas Coleman,73033 Weber Circle,North Angiemouth,37776
14701,Xavier Sims,9908 Mcdonald Tunnel,Tamiland,25608
14702,Jennifer Greene,542 Stephanie Station Suite 127,Matthewshire,22543
14708,Melissa Decker,0951 Elizabeth Gateway Apt. 588,East Janicemouth,45967
14709,William Romero,91621 Shelton Plains Apt. 656,South Rosebury,62854
14713,Nicole Smith,944 Patrick Creek Suite 460,Allenville,14457
14715,Erica Ferrell,457 Nicole Parks Apt. 645,Valeriefurt,66396
14723,Craig Johnson,1755 Anthony Mountain,South Dianamouth,94055
14729,John Weiss,04938 Ana Motorway Suite 307,Murphyfort,50194
14732,Nicole Daniels,833 Christina Shores,Richardsonstad,74020
14733,Michael Rodriguez,975 Colin Shoal Suite 445,New Denise,99030
14735,James Nichols,82796 Sarah Forges,West Selena,26395
14737,Angela Carroll,1382 Chen Locks Suite 538,Georgeburgh,25429
14738,Stanley Moore,51058 Smith Circle Apt. 536,Davidview,39796
14739,Courtney Miller,95869 Samantha Prairie,Lake Sarah,84917
14741,Rodney Hale,506 Carrie Circle,South Catherine,23201
14744,Melinda Reed,70724 Barron Mountain Suite 652,East Jon,94222
14748,Kelly Knight,997 April Point Apt. 690,East Ashleyfort,95476
14755,Diane Mckenzie,428 Cole Tunnel,Williamschester,83686
14761,Stephanie Terrell,68592 Lewis Rue,South John,39913
14766,Hunter Cameron,793 Williams Center,South Coryview,61576
14769,Ashley Adams,6467 Melanie Crescent Apt. 095,Butlerstad,72184
14770,Daniel Walker,307 Charles Circle Suite 074,Amberfort,66164
14775,Laura Mclean,0076 Brandi Circles Suite 844,Armstrongmouth,77978
14776,Jessica Jones,434 Courtney Mountains,Mooreland,55277
14777,Harry Haynes,920 Donna Orchard,West Rhondashire,73189
14778,David Peters,95262 Jason Glen,North Melissa,97583
14779,Christopher Coleman,452 Sanchez Prairie,Lake Johnville,20528
14782,Zachary Barton,9310 Long Crest,Conniebury,20893
14784,Jessica Olsen,2596 Susan Parks Apt. 777,West Nicole,03475
14790,Annette Mcintosh,59519 Smith Union,East Paulmouth,59388
14794,Tiffany Roberson,83704 Andrea Ridges Apt. 947,East Justin,69596
14795,Sabrina Mcdonald,848 Heather Streets Apt. 042,Trujillobury,97914
14796,Nancy Brown,0511 Kristina Mountains Apt. 928,Codyview,74684
14798,Nicole Maxwell,49090 Morris Estates,Lake Timothy,43008
14800,Gary Smith,09754 Lewis Lake Suite 960,South Sabrinamouth,21168
14804,Ryan Miller,17491 David Land Suite 200,North Yvonne,90012
14805,Matthew Castaneda,375 Mcfarland Ports,Fletcherfort,79226
14810,Marcus Lamb,3560 Brandon Ferry,Sharonville,39813
14813,Colleen Cunningham,822 Ruiz Station,East Isaiah,73344
14821,Chase Taylor,1964 Derek Shoals,Lake Jamesview,28743
14825,Stacey Kim,24157 James Way,Singletonton,86437
14828,Jessica Love,0600 Linda Trail,Kinghaven,32644
14829,Chad Bautista,593 William Key Apt. 370,New Nicholas,18982
14841,Margaret Cherry,710 Ruiz Dale,North Whitney,57231
14842,Victoria Baird,8286 Mary Highway Apt. 863,South Jessica,61156
14849,Deborah Harper,2026 Alvarez Park Suite 440,North Heather,45917
14850,Sarah White,624 Maldonado Knolls Apt. 932,Port Wendy,60497
14865,Janet Mendoza,023 Amber Haven Suite 844,Carlosside,36792
14866,Marie Butler,8330 Robinson Center,North Alison,83625
14867,Pamela Martinez,46634 Chandler Divide,South Christine,55385
14871,Shawn Sloan,456 Hall Fall,Lake Lindaborough,96042
14878,William Nelson,2108 Patterson Falls Apt. 062,Ricefort,76406
14889,Anthony Burke,621 Kenneth Estates,North Nancy,34443
14895,Ian Martin,800 Carter Place,Aaronstad,90269
14896,Lori Odom,187 Armstrong Junction Suite 540,Catherineton,17222
14898,Katherine Moody,446 Gabrielle Walks,North Roberto,97185
14901,Deanna Bartlett,09552 Schneider Village,Riceborough,17908
14903,Ashley Gonzales,4772 Sheppard Inlet Suite 540,East Leeton,47408
14907,Jeffery Shaw,9825 Sarah Points,Barbaraview,37599
14911,Victoria Harmon,49263 Kenneth Ranch,South Nicoleborough,34660
14913,Daniel Thomas,55231 Smith Vista Suite 200,Ortizside,05259
14916,Jessica Williams,64114 Wells Lane,Millerberg,88524
14918,Claudia Garcia,4202 Felicia Camp,Raytown,85341
14923,Angela Underwood,86273 Alicia Junctions Suite 640,Jeffreyside,07235
14932,Ivan Reed,561 Courtney Corner Suite 662,Meyerview,25425
14944,Cassie Hunter,2970 Cabrera Mission,North Ashley,13399
14951,Penny Nguyen,449 Lee Creek,West William,05831
14952,Angela Miller,4569 Mcmahon Pike Suite 349,Williamsmouth,59713
14961,Micheal Daniels,18641 Mcbride Radial Suite 648,Theresachester,74214
14970,Kaitlin Jackson,474 Brooke Tunnel,Port Amyshire,88152
14976,Brandon Hall,939 Jackson Circles,Isaacside,24876
14978,Matthew Underwood,71715 Carr Mall Suite 501,North Victoria,93115
14983,James Gates,9897 Harper Drive Apt. 997,Lake Toddmouth,87503
14985,Jacqueline Hartman,46972 Butler Spring Suite 740,Mendozaview,67301
14987,Stacy Wilson,204 Albert Overpass Suite 552,Lake Baileyfurt,80411
14997,Tracy Freeman,5248 Zachary Loaf,South Glennport,83790
15002,David Nguyen,0413 Molly Ways Suite 798,Paigeshire,22402
15005,Brenda Ruiz,98330 Chen Drives,East Robert,01414
15008,Jessica Reilly,54620 Watkins Drive Apt. 903,New Cynthia,86398
15012,Jennifer Ross DDS,26197 Matthew Shores Apt. 877,Aprilville,45977
15018,Julie Terry,7380 Curtis Port,South Valerie,64064
15021,Leah Velasquez,09945 Valenzuela Center,Donland,11308
15023,Madison Rodriguez,36765 Brandon Bridge,Lake Ricardoside,58069
15024,Kim Moore,78177 Anderson Corner Suite 369,Lake Jenniferburgh,91977
15028,Melissa Martinez,987 Melinda Parks,North Michael,12009
15032,Laura Newton,88784 Jonathan Dam,Clarkport,94995
15033,David Cohen,350 Smith Hollow,Kingchester,21650
15034,Brandon Pena,47949 Owens Keys Apt. 292,New Karla,83215
15037,Edward Fleming,463 Deborah Points,Edwardfurt,75721
15038,Andrea Harris,3689 James Way,North Mary,38124
15039,Karen Jones,905 Jillian Springs Suite 925,Monicaburgh,14771
15044,Robin Wilson,3204 Cole Mountains,Jefferyburgh,89060
15046,Susan Wilson,159 Hampton Village Apt. 700,Port Jodi,82772
15048,David Harris,6391 Denise Cape Suite 880,West Stephanie,17017
15052,Kathryn Turner,3887 Ramirez Islands Suite 732,Wattsborough,09701
15057,Christopher Thomas,40503 David Common Suite 591,Melissamouth,82893
15058,Jordan Sellers,94576 Barton Path Suite 575,Camposchester,62377
15059,Mandy Tran,27253 Kristi Pines,Martinezhaven,85503
15061,Michael Brown,187 Perez Lakes Apt. 879,Benjaminville,48824
15062,Caitlin Davis,413 Jones Extension,West Brenda,66762
15064,Miranda Solis,798 Sexton Ports Suite 305,Dawsonberg,18133
15066,Heather Shea,80597 Tonya Junctions,Sarahfurt,08089
15070,Dorothy Gibbs,848 Anthony Coves,North Annetteton,47382
15078,Tamara Lawrence,53958 Jeffery Summit Apt. 853,North John,15661
15079,Yolanda Young,847 Rangel Bridge,Tranbury,14219
15081,David Hickman,028 Johnson Coves,Jameshaven,93235
15090,Maria Gomez,52861 Nguyen Loaf,Lake Christopherville,74309
15093,Daniel Marsh,7308 Ellis Loop Apt. 007,East Jasonfort,68149
15100,Patrick Lee,71167 Dakota Summit Suite 173,South Stevenville,60062
15101,Lisa Bradley,341 Rodriguez Gateway Apt. 897,Michaelshire,91461
15107,Cindy Yates,49997 Wood Ramp Suite 136,Joelbury,85353
15110,Amanda Hunter,82469 Jamie Passage,North Ethantown,86312
15111,Todd Carter,809 Bradley Tunnel,Lake Henrystad,59400
15139,William Rice,10823 Traci Coves Suite 025,Davidborough,14962
15144,Glenda Dodson,3977 Jacob Hills Suite 459,Pamelamouth,73863
15157,Vanessa Hernandez,14367 Daniels Rapid Apt. 130,New Martin,96223
15159,Janet Hanna,408 Page Summit,Lake Julian,28802
15160,Jennifer Yates,77277 Perez Park Suite 206,Kimberlyfurt,50962
15164,Matthew Garcia,069 Moss Ridge Apt. 493,Port Emily,96119
15165,Diane Rivera,976 Williams Turnpike,New Erikashire,01686
15167,Kevin Lyons,61174 Campos Summit,Kochmouth,94665
15171,Amy Thompson,97648 Elizabeth Trace Suite 560,Francotown,48838
15174,Corey Li,9104 Allen Field Suite 971,Port Drew,02261
15177,Shane Hardy,5317 Vazquez Fields Apt. 377,Port Joseph,16850
15179,Cynthia Garcia,8563 Sarah Points Apt. 465,Robertsonshire,76342
15180,Beth Curry,3596 Collins Ways,Chelseaview,14281
15181,Mary Williams,37812 Tate Plaza,Ashleyton,20667
15189,Krystal Obrien,89816 Nathan Crossing Apt. 802,Duncanchester,92472
15192,Lauren Thomas,9553 Miller Skyway,Heatherborough,12432
15193,Kimberly Johnston,641 Larsen Drive Apt. 243,South Michelle,93714
15194,Daniel Johnson,741 Johnston Trafficway,West Christine,30086
15197,Kendra Browning,9306 Franklin Wall,Frankside,11720
15199,Alice West,95234 Donald Square,West Jamesview,39309
15201,Jessica Mueller DDS,8453 Laura Tunnel Suite 193,Johnsonbury,28871
15203,Anthony Jacobson,0725 Flynn Turnpike,Jerryland,50749
15204,Daniel Williams,31182 Williams Hill,East Janetchester,47771
15208,Christopher Rios,27697 Osborn Fords,Lake Tammyview,54624
15211,Anthony Sanders,7756 Richard Dale,West Evanstad,06013
15213,Eric Wagner,86691 Jonathan Shores Suite 277,Annaport,96977
15215,Monica Ramos,133 Flowers Station,East Ashleyton,15246
15218,John Mcintyre,1175 Michael Canyon Apt. 051,East Robertton,73221
15221,Rachel Mercado,1570 Johnson Village Apt. 077,Matthewborough,17711
15222,Kathleen Gordon,374 Wilson Mountain Apt. 609,New Katieton,88430
15224,Alicia Bender,16576 Rivers Garden,Deborahbury,61362
15226,Kimberly May,37699 Carla Land,Loganview,35036
15227,David Rogers,1414 Evans Spring,Harrisland,27015
15235,Lisa Baxter,75781 Kelly Camp Suite 903,New Jefffort,69716
15240,Kyle Miller,56221 Clark Forest Apt. 550,Port Christophermouth,01807
15246,Shirley Sims,422 Miller Ridge Suite 877,East Dennisbury,42248
15257,Shannon Morse,93109 Wheeler Lodge,North Anthonyhaven,09375
15260,Ashley Cochran,8471 Norton Meadows Apt. 663,Cherryshire,31618
15262,Ashley Miller,089 Gloria Plain,Robertston,38988
15266,Michelle Gonzalez,4068 Tom Vista,South Lisa,31167
15270,Mary Thompson,246 Shepherd Forks Suite 959,Port Terrencemouth,35123
15271,Mrs. Megan Holt,39915 Jessica Union,Gonzalezmouth,93982
15279,Jeffrey Larsen,351 Michele Harbors Apt. 978,Edwardsberg,49953
15281,Heather Benson,553 Crystal Islands,West Sandra,07463
15288,Jonathan Wilson,28877 Elliott Walk Suite 686,Hesterview,86458
15290,Linda Davis,9920 Erika Plaza Suite 685,Lauraview,18224
15291,Earl Wright,7842 Taylor Loaf,Andersonhaven,05392
15296,Richard Mayer,914 Miller Inlet Apt. 176,West Sharontown,97970
15298,Patricia Miller,9333 Michael Hill,Mariefurt,60604
15299,Mark Burton,68701 Joanna Valleys Suite 179,Anthonymouth,25130
15301,Jo Cordova,501 Reed Court Apt. 378,Lake Mark,08841
15304,Melvin Alvarado,69853 Torres Park,Wilkinsport,79674
15311,Stephanie Willis,3323 Madison Skyway Apt. 947,New Joanna,52146
15312,Kayla Brock,8236 Anthony Highway Apt. 717,New David,79394
15313,Claudia Randall,26517 Wright Circle Apt. 649,Port David,91266
15316,Lauren Cummings,361 Deleon Summit Suite 944,Rileyshire,45260
15323,Hannah Morton,18984 Kevin River Apt. 761,Port Veronicamouth,88252
15326,Robert Luna,949 Jennifer Ferry Suite 057,Lake Jamesberg,08630
15329,Michelle Cooke,1870 Destiny Park Suite 409,Normanport,86053
15332,Jessica Martinez,68393 Jose Squares,Lake Brittanyville,21026
15339,Chelsea Palmer,197 Ramos View,Annaborough,36028
15346,Jennifer Peterson,71910 Kelly Knolls,Robertmouth,65862
15347,Brian Chambers,3839 Jackson Inlet,Nathanview,46044
15350,Jeremy Davis,697 Chang Mills Suite 256,Port Charles,83811
15351,Traci Rivera,2207 John Shores Suite 694,North Doris,97053
15353,Rebecca Moore,31371 Zimmerman Loaf Apt. 668,Floresfurt,88029
15356,Elizabeth Butler,06231 Armstrong Garden Apt. 896,Kevinland,37819
15358,Laurie Avila,9765 Christina Crescent Suite 850,Jessicaport,64724
15361,Seth Zhang,589 Steven Skyway Suite 492,Kristinaport,50145
15363,Robert Little,881 Christine Harbor,Jonathanfort,49197
15365,Brent Murphy,864 Martinez Shoals Apt. 702,South Patrickstad,93224
15366,Darrell Clarke,02621 Todd Wells Suite 138,Port Matthewside,74201
15368,Justin Gamble,1453 Pacheco Crossing,Wallacetown,79208
15370,Kelly Gibson,686 Gilmore Forks,Foleyshire,33109
15373,Jose Pierce,0014 Henderson Bridge Apt. 746,East Jenniferberg,10176
15379,Amber Villa,0324 Reyes Fords Apt. 642,South Robertbury,47653
15380,Brian Jimenez,3214 Kevin Lake Suite 313,Navarromouth,33520
15384,Joseph Lee,361 Bryant Roads,South Jenniferview,28197
15392,John Jordan,73298 Jennifer Cove Suite 176,Leeshire,11733
15394,Christina Long,1603 Cooper Plain Suite 719,East Tinamouth,61828
15395,Daniel Ross,52943 Bird Parkways,Ortegaborough,51746
15415,Jesse Morrison,456 Rivera Fields Suite 129,Allisonside,47409
15417,John Dean,2175 Weiss Track Suite 584,Weaverton,61053
15421,Allison Allen,8949 White Station Suite 348,East Amberfurt,73318
15422,Jesse Acosta,368 Carter Ports Apt. 798,Meghanberg,57409
15426,Janice Hickman MD,34934 Benjamin Keys Suite 012,Lake Codymouth,76356
15431,Hannah Murphy,313 Shaw Inlet,West Laura,35885
15443,Adam Smith,8256 Jones Junction Suite 001,South Maria,96685
15444,Andrew Bailey,2022 Robert Highway,Moyershire,74091
15447,Brittany Jones,327 Meredith Glens Apt. 239,Dawnmouth,60918
15448,Alexander Johnson,842 Becker Drives Suite 890,Port Joshua,47471
15454,David Smith,26189 Charles Ridges Apt. 253,Daltonville,48021
15456,Mark Horne,5318 Jennifer Ville,Lake Joseph,61627
15460,Paige Olson,63908 Nancy Hollow,South Michaelhaven,53421
15464,Jennifer George,55054 Thompson Valleys,Pinedaberg,25910
15465,Erin Brennan,0176 Tiffany Harbor Apt. 271,West Bailey,67457
15468,Crystal Shannon,60553 Daniel Forge Suite 269,New Jennifer,32785
15476,Krystal Moon,7271 Heidi Extension Apt. 119,Patrickhaven,42223
15482,Alicia Washington,1603 Brown Village,West Jessica,07203
15485,Michael Kline,568 Kathy Knolls Apt. 108,Allenfort,85635
15490,Michael Hart,802 Becky Mill,New Kimberlybury,95334
15497,Erin Hernandez MD,358 Joshua Roads Suite 981,East Calvin,17076
15498,Abigail Barrett,283 Higgins Ports,Danielleport,20025
15502,Amanda Knapp,0972 Rios Rapids Apt. 502,Duncanland,20365
15503,Tiffany Rich,7178 Linda Isle Apt. 797,Lake Bryanville,14018
15510,Sharon Russell,27020 Dana Roads,Lake Samuelville,40405
15512,Rachel Smith,1354 James Course,Brettstad,09389
15513,Priscilla Saunders,1003 Scott Via Apt. 569,South Caitlintown,77421
15514,Mark Donaldson,1756 Davis Island,Davisberg,56718
15518,Olivia Mayer,498 Cesar Orchard,Collinsfurt,73986
15525,Timothy Hampton,73796 Heather Lodge,Billyborough,36943
15527,Charlotte Thompson,431 Roger Center,Port Valeriefort,85893
15529,Stephen Jackson DVM,3572 Bradley Mission Suite 873,Medinachester,41824
15532,Wendy Gardner,867 Lisa Trace,Salasview,05298
15535,Laura Gomez,93073 Kevin Fort Suite 681,Jasonshire,03071
15544,James Wilson,3130 Kenneth Mission Suite 214,South Adam,26958
15545,Gloria Browning,5181 Sandra Run,Lake Patriciachester,27198
15547,Michael Lawson,9527 Pham Mountains Suite 601,East Gabriel,46587
15549,Gabriella King,46080 Golden Land,Gillville,66952
15555,Lisa Garcia,72348 Frost Hills,Skinnerfort,35580
15562,Michelle Rodriguez,00415 Danielle Garden Suite 178,Leeville,60766
15563,Ashley Smith,1317 Goodman Hill,Lake Sydney,37444
15569,Ryan Rogers,643 Daniel Crest Suite 574,Jacksonbury,55902
15570,Betty Joseph,80349 Yang Roads,North Emily,30384
15574,Alicia Castillo,8424 David Village Suite 307,Lake Tammyville,77689
15579,Stephanie Cobb,82326 Alison Ways,Jimmouth,34672
15581,Michele Olson,70017 Welch Road Apt. 826,East Dakota,28997
15587,Stephen Lewis,48455 Andrew Summit Apt. 864,West Alisha,70043
15589,Susan Underwood,5696 Bowman Ridges,Richardville,52980
15596,Elizabeth Arias,983 Joseph Lock Apt. 963,Jessicaland,82151
15601,Leslie Ramirez,92021 Moyer Harbors Suite 803,West Sharistad,74950
15602,Kathleen Ward,4502 Angela Fields Suite 200,Madisonton,52437
15605,Melissa Harper,91319 Callahan Brooks,South Emilyfurt,28085
15606,Tracy Montoya,17786 Murphy Ford Suite 203,Veronicashire,93679
15607,Nicole Hall,210 Brittany Crossroad,Port Katelyn,87961
15611,Angela Sexton,3779 Ellen Keys Suite 216,East Amandabury,06274
15612,Erika Pollard,14024 Michelle Path,Cunninghamshire,33621
15615,Gerald Dorsey,33775 Jennifer Village,South Michaelstad,96906
15620,Christopher Davis,250 Reid Crossing,West Jessicaberg,03523
15626,Samantha Smith,7911 Travis Shore,North James,88310
15628,Melissa Richards,648 Christopher Oval,West David,99614
15640,Anna Jones,12872 Velazquez Expressway Suite 838,Jennyshire,30507
15641,Ariel Sanchez,367 Wendy Bridge,Port Jamieville,94003
15646,Willie Bond,8201 Shannon Crossing,New Dana,71342
15649,Thomas Smith,81381 Tiffany View,West Matthewchester,88270
15650,Dennis Howard,603 Kyle Village,North Kelly,27374
15658,Clayton Allen,684 Jenkins Squares,Johntown,09601
15660,Nicholas Spencer,190 Gregory Haven,Port Jacob,41843
15661,Emily Lucero,63610 Micheal Crossroad Apt. 378,Joneshaven,26740
15662,Lacey Moore,78872 Debra Mall Apt. 250,Tylerton,76141
15664,Joshua Torres,86267 Christopher Island Suite 230,New Johntown,84083
15673,Steven Todd,4019 Anderson Pine Apt. 616,Tamimouth,93237
15680,Kevin Harris,08864 Jasmine Fall,Lake Justinborough,75243
15687,Cody Wilson,1829 Brown Roads,East Kimberly,28953
15689,Eric Young,42930 Jennifer Common Apt. 867,West Danielle,91500
15691,Nathan Hayes,3258 Joseph Extension,Lake Jennifer,14250
15694,Jennifer Taylor,6226 Wilson Green Suite 497,Rodgersborough,23624
15696,Bruce Gomez,46280 Brooke Branch Apt. 324,Ashleyburgh,89111
15708,Allison Smith,286 Barnes Way Apt. 990,North Teresa,92224
15713,Adam George,32548 Daniel Crescent,Salazarbury,60902
15716,Amy Barajas,4492 Jones Mission Apt. 784,Brooketown,49082
15719,Brittney Williamson,53061 Schmidt Centers,Port Scott,74615
15723,Jody Oconnell,8966 Nancy Village,Juliafurt,94296
15727,Alice Hawkins,82742 Taylor Mission Apt. 283,East Thomas,02904
15729,Amy Kelley,961 Doyle Throughway Apt. 413,Lake Jacqueline,70979
15732,Haley Woods,35514 Kyle Row,Jacobtown,01928
15738,Andrew Gibson,300 Ryan Prairie Suite 228,East Matthew,40177
15749,Heather Bailey,3757 Veronica Fort Suite 945,New Sean,01612
15750,Samantha Price,018 Allen Mill Apt. 804,Richardsonmouth,87078
15752,Emma Wheeler,64440 Mary Grove,Lake Shanefurt,95428
15759,Trevor Ross MD,9127 Combs Haven,Rodriguezside,67694
15769,Brittany Rodgers,0577 Eugene Turnpike,North Ginaport,19427
15777,Taylor Simmons,89256 Todd Courts Suite 608,South David,79971
15780,Juan Walters,419 Robert Shore Apt. 686,West Larryside,68477
15781,Donald Molina,6592 Brown Squares Apt. 915,South Rachaelmouth,36633
15789,Rose Smith,6499 Lee Estate Suite 137,Matthewhaven,84591
15797,Amanda Terrell,412 Ball Glen,New Christopher,05139
15799,Ryan Melton,27122 Randall Roads,West Jacobmouth,60167
15805,Jason Fox,690 Poole Court,South Jessica,26849
15808,Gabrielle Jones,136 Moore Point Suite 075,North Joycetown,69793
15811,Ashley Ramirez,78864 Hartman Court Apt. 919,East Victor,16525
15812,Tiffany David,361 Lindsey Lodge,Nelsonchester,69502
15819,Jennifer Gilbert,39914 Eddie Mission Suite 010,Vincentchester,17187
15820,Brianna Stephens,49342 Brian Knolls,Hernandezburgh,12490
15822,Anna Mathis,4749 Gill Lights,Laurashire,08226
15823,Robert Simpson,8742 Graham Crest Apt. 856,South Theresaton,14466
15827,Mary Berry,0562 Craig Road Suite 690,East Normamouth,47534
15831,Desiree Ramirez,76079 James View Apt. 738,Jamesmouth,45776
15834,Timothy Green,481 Simon Parkways,Penachester,60552
15835,Amy Odonnell,154 Gonzalez Plaza,Angelaburgh,36440
15838,Isabel Dominguez MD,089 James Vista,New Michael,67939
15841,Miguel Gillespie,8552 White Overpass Suite 336,Lake Amymouth,01658
15845,Christopher Barron,46856 Peck Parkway Apt. 514,West Nicholasmouth,55885
15853,James Sullivan,08401 Jennifer Wells,Bishopview,13870
15854,Christopher Tyler,018 Ronald Falls Apt. 525,Port Lesliehaven,44365
15856,Jonathan Hughes,36616 Lauren Shore Suite 516,Murraychester,48028
15858,Kimberly Mann,24306 Gray Street,Jillianville,45648
15860,Jennifer Sims,39663 Ryan Oval,Port Tamara,09639
15862,Ariel Horton,21769 Daniel Valley Suite 135,West Randy,37874
15864,Nicole Bailey,573 William Drive,New Zoe,81787
15867,Bryan Smith,65936 Craig Court,West Sheliaton,93301
15880,Suzanne Goodman,9898 Tran Radial Apt. 095,Lake Julieborough,38579
15881,Troy Arnold,511 Regina Hill Suite 912,West Sheila,81931
15882,Diane Patterson,1396 Barnes Walks,Lake Hollyborough,46200
15885,Sarah Brown,83963 Aaron Island Suite 705,Johnland,46243
15889,Regina Strickland,2041 Valdez Parkway Apt. 082,Rebeccatown,42758
15894,John Carroll,76579 Felicia Skyway Apt. 794,Jonesshire,53523
15895,Nicholas Stafford,82719 Torres Lake Apt. 781,East Sarah,12355
15898,David Garza,24351 Joseph Ford,Port Karenmouth,19137
15899,Regina Martinez,45156 Brett Plaza,North Melissaside,02013
15910,Amy Fox,67405 Karen Gateway,Zoeberg,83511
15916,Margaret Gonzalez,85318 Skinner Burgs,Amandastad,90306
15919,Shannon Guerrero,871 Kimberly Walks Suite 616,Brewerborough,96137
15922,Christopher Mcdowell,879 Smith Hill Suite 044,Johnborough,80779
15923,Julia Rush,878 Mcmillan Valley Suite 435,South Brianaburgh,44586
15938,Kimberly Gonzalez,22429 Austin Forest,West Markland,33176
15939,Cheryl Allen,134 Philip Springs Suite 276,Mooreport,69121
15940,Meghan Sharp,6066 Goodman Port Suite 890,North Tammy,55240
15945,Susan Armstrong,77190 Richard Land,West Alexander,01212
15949,Victoria Sutton,3156 Frank Forest Suite 941,East Alexisborough,35874
15950,Andrew Vaughan,4690 Robin Club,South Michellefort,76235
15953,Dustin Harris,64307 May Wall Suite 581,Michaelborough,63145
15955,Erika Bryant,35955 Mark Grove Apt. 501,West Denisemouth,71547
15965,Valerie Davis,48279 Kevin Brooks,Lake Debraport,63819
15967,Christina Wise,8517 Mercedes Track Suite 049,Port Edward,75995
15970,Meredith Galvan,99049 Rebekah Parks Apt. 799,North Cheryl,29947
15971,Angela Clayton,507 Nguyen Oval,North Mark,65755
15973,Alexander Olsen,26497 Perry Green,Krauseview,55158
15981,Kimberly Marshall,848 Amy Loop,East Kaitlinville,33331
15983,Bobby Wolf,7999 Carolyn Field Apt. 787,Davidfort,07830
15984,Donna Brown,4378 Ramirez Hollow,Lake Melinda,68621
15987,Rebecca Miller,6456 Emily Drive Suite 694,Port Michaelfurt,76030
15996,Marie Wise,70434 Keith Stravenue,Port Carolstad,63691
15998,Katie Lewis,59265 Smith Falls,Tiffanychester,32023
16003,Jennifer Mcbride,52314 Trevor Fort Apt. 622,Taylorhaven,42880
16010,David Kramer,6056 Mosley Highway,Port Sharon,80238
16011,John Wilson,086 Jennifer Road Suite 607,Pughside,04013
16013,Donald Mcguire,103 Owens Unions Apt. 197,North Nicholasmouth,56856
16016,Bobby Cervantes,38480 Delgado Estate,Lake George,78706
16019,Jennifer Johnson,139 Cummings Key,Castilloshire,42537
16029,Michele Smith,1540 Lauren Parkway,West Barryshire,48649
16030,Melissa Delgado,880 Brooks Stravenue,Bradyburgh,90931
16033,Natalie Hernandez,35578 Green Pike Apt. 622,Timothyside,11118
16034,Deborah Weber,950 Miles Landing Suite 658,Richchester,75294
16037,Michelle Martin,3545 Chavez Inlet Apt. 089,Jennahaven,16894
16041,Sara Ward,02452 Briggs Rest Apt. 324,Garzatown,68720
16042,Caroline Robinson DDS,8109 Debra Shore Apt. 805,East Maryberg,72190
16043,April Hall,7069 Ramos Falls,Sarahbury,47417
16048,Daniel Ortega,7244 Anna Extension,Andrewsborough,66192
16050,Scott Mcgee,4168 Dana Fall,East Robert,61027
16059,Jeffrey Rollins,2215 Danielle Glen Apt. 491,West Courtneyberg,73024
16062,Haley Leonard,1667 Peters Plains Apt. 577,South Victorfort,01669
16065,Mrs. Nicole Newman,45178 Oliver Path,Lake Laurahaven,12984
16066,Katrina Moreno,01625 Stacy Summit Suite 546,North Jeffrey,84799
16081,Michael Walters,83222 Jones Shore Apt. 947,New Jessicastad,71959
16083,Brandon Bailey,50894 Ashley Glens Suite 972,Mirandaborough,92836
16085,Jonathan Hanna IV,6487 Chad Mission Apt. 221,South Kevin,78503
16086,Rhonda Vance,51947 Wendy Valleys Apt. 046,Lake Megan,25696
16094,Terri Chase,03619 Morgan Ports Suite 033,West Renee,05683
16098,David Osborn,500 Joanne Inlet,North Markmouth,83113
16109,Christine Figueroa,074 Johnson Run,Lake Katie,17054
16110,Zachary Perez,68114 Lisa Islands Suite 038,Lake Donnafurt,57425
16112,Elizabeth Fisher,58035 Aaron Mountain Suite 415,Bensonberg,98220
16122,George Anderson,8751 Chambers Springs Suite 135,Port Gerald,67361
16124,Tanya Reynolds,48717 Mike Point,Port Alicia,77565
16125,Thomas Hanson,87346 Sweeney Port,Gallagherborough,57605
16128,Wayne Martinez,229 Steve Parkway,New Kyle,68112
16133,Sharon Gomez,7286 Ramirez Junctions Apt. 458,West Joshuaport,34054
16134,Amy Mosley,8947 Smith Lodge Apt. 398,Port Christopherville,93333
16138,Angela Barrett,942 Miller Camp,North Elizabethbury,30498
16140,Lisa Jackson,729 Amber Cove,Baileychester,57145
16143,Brenda Walsh,25240 Taylor Prairie,East Amandahaven,31085
16145,Tina Hale,05463 Kaylee Prairie Suite 945,South Jenniferland,64282
16150,Andrea Thomas,105 Mario Brook,Michaelmouth,08509
16153,Lawrence Allen,2117 Smith Forks Suite 565,Zacharyfort,31198
16156,Cindy Lambert,581 Cristian Extension Suite 082,Port Kristinmouth,33692
16159,Angela Young,06541 Peterson Plains,Lindachester,44541
16161,Jesse Pierce,07514 Nathan Trail Apt. 030,North Jordanhaven,38258
16163,Miranda Williams,55381 Kara Parks Apt. 408,West Ericbury,79830
16168,Christopher Koch,65671 Hudson Fields Apt. 824,Scotttown,88992
16186,Tiffany Baldwin,61944 Brandon Mill Apt. 331,Moralesburgh,56891
16191,Edward Cardenas,1231 Elizabeth Shoals Suite 632,Castanedaville,34628
16202,Alicia Hernandez,6754 Ballard Parkways Suite 646,Jamesmouth,32153
16203,Lance Barr,5779 Rice Ramp,East Kellybury,41290
16206,Sherri Knight,83866 Michael Junction Apt. 377,Lake Maria,68651
16210,Keith Palmer,74085 Gordon Coves Suite 972,South Judy,58503
16215,Mitchell Kerr,90774 John Forest,Russellberg,46590
16218,Alan Carter,857 Madeline Creek,Carlosstad,01028
16221,Dawn Santos,3860 Bryan Spur,Rileytown,37580
16222,Robin Black,6309 Duane Loop Suite 604,Jamesfort,72254
16233,Diane Mccormick,2816 Rangel Trail,Lorettashire,13466
16235,Mark Ward,1535 Danny Forge,Thompsonborough,70457
16241,Douglas Todd,819 James Wells,Jonathanside,01574
16244,Melanie Novak,5060 Bryan Knolls Suite 890,Christensenton,98276
16248,Doris Miller,16513 Mills Islands,Perezfurt,17459
16250,Stephanie Williams,504 Sweeney Knoll,New Willie,78251
16252,Teresa Williams,3585 Cheryl Valley Apt. 388,New Jamesfurt,72088
16255,Gregory Smith,449 Jacob Track,Montgomeryburgh,33381
16262,Michael Lee,602 Ryan Ferry,North Crystal,95990
16265,Robert Gomez,8322 Jason Falls,Diazchester,40746
16270,Jennifer Simmons,346 Charles Passage Suite 878,Lake Stevenhaven,03054
16271,Mr. Nathan Price,549 Black Points,Justinland,66976
16274,Karina Noble,80315 Jennifer Fort,Dunnfurt,74575
16279,Abigail Nguyen,4736 Kristy Rest,Stoneville,51309
16282,Debra Sims,78595 Rhodes Estates Suite 828,West Maxwellfurt,83572
16293,Timothy Phillips,292 Howard Spur,Henryland,97259
16301,Sean Moore,55313 Martin Cliffs,Summerchester,89455
16303,Deanna Church,0747 Mcguire Lodge Apt. 719,South Johnburgh,54577
16306,Samuel Reed,6745 Jennifer Walk Suite 489,Jamesmouth,59458
16315,Michael Foster,143 Danielle Mission Suite 832,North Wendychester,62218
16316,Jane Jones,7583 Braun Groves Suite 507,Timothyhaven,59512
16321,Corey Baird,5334 Smith Trail,South Brady,22057
16326,Ronald Daniels,131 Brown Harbors,Dodsonshire,25266
16327,Michael Gonzalez,30092 Gray Junction Suite 058,Deniseville,23165
16333,Candace Rodriguez,898 Diane Isle Suite 394,Nathantown,60740
16350,Stephanie Schmidt MD,1280 Fox Avenue Suite 014,Port Heather,54982
16351,Stephanie Hernandez,11395 James View Apt. 226,South Madison,01242
16353,Joshua Graham,2195 Schroeder Shoal Suite 933,Durhamtown,53171
16359,Joann Williams,913 Johnson Turnpike,South Damon,34584
16365,Jennifer Gonzalez,86847 Susan Bridge Suite 514,Sandraview,68886
16367,David Thornton,794 William Valley,Wilsontown,25690
16378,Tammy Huff,8966 Timothy Ridges,Jamesfort,59317
16385,Todd Thompson,25684 Carlos Summit,West Spencer,18173
16387,Stephanie Richardson,25451 Kyle Unions Suite 250,Maxshire,20747
16393,Kelsey Murphy,218 Grant Shore Apt. 277,West Brianfurt,02022
16395,Patrick Maxwell,9949 Walter Common,South Kelly,50149
16401,Brandon Dixon,2625 Karina Prairie Suite 947,Walkerland,60693
16402,Tanner Parker,5056 Angela Groves Suite 879,Kruegerton,60576
16403,Kathleen Swanson,57274 Cook Knolls Apt. 594,Suzanneland,88358
16405,Tammy Cox,4507 Noble Forge,North Nicholas,55942
16407,Ryan Mcmahon,04235 Woods Meadows,Mariaton,37707
16409,Amy Anthony,47926 Laura Loaf Suite 987,Oconnortown,35897
16411,Theresa Nicholson,032 Page Garden,West Nicoleland,48845
16419,Alexis Adams,7633 Jackie Keys,East Regina,31176
16422,Vanessa Mccormick,7383 Michelle Estates,Lake Michael,99455
16424,Jason Price,3952 Sean Squares,East Lydia,72964
16442,Veronica Jennings,52781 Wright Plain,Brettberg,83477
16443,Stephanie Pham,53521 Hooper Dale Apt. 197,Angelachester,24720
16455,Ashley Black,03064 Gibson Pike Suite 679,New Anthony,40002
16456,Nathaniel Richmond,707 Christopher Plains,Evanshire,17272
16458,Timothy Ramos,61487 Cassidy Street Apt. 531,Bryanview,36081
16470,Mackenzie Pham,6297 Brown Port,New Benjamintown,26966
16473,Melissa Noble,56619 Randall Valleys,Andrewstad,45007
16477,Amy Reeves,45354 Michael Brook Apt. 479,East Allenhaven,77527
16479,Sherri Castaneda,32778 Timothy Street Apt. 029,Stephanieton,12212
16493,Wanda Williamson,520 Jeffrey Union Suite 845,Jenningsmouth,86845
16496,William Johnson,6265 Michael Junction,Cameronshire,02843
16497,Brittany Brown,20853 Saunders Cape Suite 919,Sullivanchester,32379
16499,Ann Ibarra,66205 Young Lodge Suite 557,Hansonmouth,30747
16500,Mr. Brandon Ellison DDS,1531 Johnson Spur,Davisland,93979
16503,Patricia Strong,855 Warner Cliff Apt. 426,North Ashleyside,37143
16510,Michelle Harris,2440 Danny Locks,Lake Malloryland,14116
16515,Dawn Orozco,2398 Erin Drive,Roytown,56797
16519,Jodi Robinson,83973 Jasmine Mill,Port Deanna,17525
16520,Mary Macias,099 Schmidt Squares,West Michaelland,40072
16523,Tyler Hubbard,695 Katelyn Creek Suite 262,Andersonmouth,78229
16525,Beth Butler,6271 King Glens,Kleinport,29576
16529,Kelli Harper,74723 Amanda Crescent Suite 735,Rebeccahaven,33677
16531,William Brown,84723 Brooks Locks,Natalieshire,95396
16532,Tiffany Lee,45765 Angela Loop Apt. 436,West Amymouth,38582
16539,John Cooper,59776 Wilson Springs Apt. 976,West Victorfurt,07780
16546,Mrs. Amber Johnson DVM,78686 Stephen Mountains,Lake Julie,49942
16549,Megan Hays,5642 Hancock Hill,Lake Brandonfurt,30321
16550,Virginia Oliver,323 Victor Roads,Timothymouth,68990
16551,Kimberly Briggs,503 Poole Keys,South Shannon,57782
16552,Jennifer Larsen,9454 Deanna Burgs Suite 174,Lake Theresa,55851
16553,Kevin Ayala,45281 Christian Rapid Apt. 113,Watsontown,08276
16554,Amanda Schultz,74867 James Shores,North Alice,37182
16556,Nicole Graham,387 Huerta Plaza Suite 657,East Peterton,77923
16558,Raymond Hayes,2800 Kendra Wall,North Markstad,03909
16560,George Elliott,6940 Albert Heights Apt. 172,Francisberg,82874
16565,Bonnie Buchanan,2798 Alison Fields Suite 255,West David,81982
16567,Bonnie Wright,7685 Stephanie Street Apt. 927,Ericksonfurt,96128
16570,Clifford Powell,53331 Lisa Fork Suite 457,Arielbury,63951
16579,Peter Rivera,56776 Brian Spring,Wagnerside,52143
16583,Regina Smith,80252 Erica Hollow Suite 642,South Wendybury,11095
16593,Amanda Liu,72351 Wilson Corner,East Phillipside,17384
16596,Laura Burke,888 Cook Hill,Hoffmanview,05270
16600,Phillip Fox,310 Brian Point Apt. 222,Allisonchester,22435
16607,Sherri Mccormick,85446 Juan Terrace,Lauramouth,02403
16612,Leslie Buckley,86165 Patton Summit Suite 227,Port Christopher,39114
16618,Nichole Willis,49363 Tina Villages,South Jessica,66364
16634,Morgan Dodson,278 Sean Avenue,South Michael,93571
16638,Margaret Osborne,877 Ferrell Drives,East Williamburgh,83135
16654,Katrina Washington,719 Thomas Roads Apt. 741,Sanderstown,12661
16655,Chad Palmer,93107 Michael Flat,Shannonberg,50214
16656,Samantha Gonzalez,84770 Catherine Centers,East Kimberlychester,02639
16658,Catherine Thomas,230 Robertson Avenue,New Kimberlyville,23369
16660,Robin West,1554 Kristina Stravenue Apt. 205,Brandonmouth,65381
16665,Anne Weaver,4404 Andrew Station,South Andrea,96238
16670,Kendra Gonzales,32766 Hopkins Groves,Lake Christopher,66087
16674,Madeline Fuentes,063 Ellis Wall Suite 836,Port Jameston,89044
16676,Catherine Griffin,25439 Cortez Mountain,West Jeffrey,44402
16679,Benjamin Martin,3086 Nelson Way,Sarahmouth,52653
16684,Robert Bennett,248 Adam Harbor,Jonesville,77349
16686,Mark Cole Jr.,406 John Dale,South Kevinville,74076
16700,Johnny Edwards,64763 Stacy Club Suite 435,New Andrewbury,98380
16701,Jennifer Cobb,252 Booth Rapid,Ibarraburgh,55147
16705,Elizabeth Jordan,39963 Walters Square,West Matthew,98817
16710,Cheryl Carney,360 Molina Falls Suite 628,Vickiland,33823
16711,Regina Mccarthy,2978 Underwood Coves,East Miranda,62428
16713,David Thompson,866 Michelle Port Apt. 330,Holmesport,50692
16714,Jamie Farley,1124 Rosales Inlet Suite 857,Mcbrideton,62641
16716,Martha Sanford,824 Snow Hollow,Allenfurt,86965
16717,Cynthia Ford,92642 Murray Loaf Apt. 704,West Kayleeside,73316
16718,Amy Price,9856 Howell Drive Apt. 147,Granthaven,15024
16719,Lorraine Jackson,47127 Anthony Rapids Suite 023,Mitchellport,72977
16722,Melissa Horn,4620 Amanda Drives Apt. 578,East Vanessafort,64131
16725,Melanie Roman MD,7385 Matthew Shoal Apt. 859,Rodriguezhaven,69536
16726,Wendy Wagner,0052 Thomas Walk Suite 303,South Ernestshire,86578
16727,Danielle Jones,96934 Veronica Rapids Apt. 308,Robinsonton,26968
16730,Michelle Williams,46212 Manuel Corner Suite 955,West Sandraview,12695
16735,Bryan Alvarado,334 Derrick Dale,Port George,24588
16743,Stacey Yang,242 Robles Turnpike,Garrisonton,77419
16745,Dr. Cindy Gonzales,7262 Cook Manors Apt. 745,Drakeland,40879
16746,Adam Hudson,15300 Richard Radial Apt. 715,West Brandon,13873
16748,Daniel Weber,17684 Chad Fords,East Deborahshire,09733
16752,Thomas Turner,6802 Tammy Tunnel Apt. 703,East Lindsayshire,41814
16754,Robin Sullivan,39763 Holder Wall Apt. 208,Hectorborough,75932
16755,Vanessa Carter,0652 Martinez Isle Suite 088,Jeromefort,71435
16757,Jennifer Hansen,2830 Jessica Crescent Apt. 831,West Brittany,30696
16762,Julie Lloyd,96678 James Key,North Daniellestad,91007
16767,Steven Jimenez,4479 George Gateway,Lake Hectorhaven,49000
16770,Donna Thompson,344 Houston Meadow,South Timothy,48760
16771,Joseph Blair,590 Steven Mountain,Drewton,05739
16775,Samantha Nelson,7110 Scott Meadow,Lake Eric,43504
16779,John Dalton,8942 Kimberly Valley,New Martin,86944
16781,Misty Mason,356 David Square,New Brianna,13995
16782,Jennifer Diaz,7442 Kevin Corner,Dianeview,87852
16788,Heather Gray,777 Kelly River,North Maurice,92214
16791,Bianca Brooks,71367 Richard Lakes Suite 064,Port Craigshire,18803
16795,Kimberly King,484 Cochran Islands,Lindashire,26441
16805,Stacey Davis,9790 Shelley Parks,North Marie,39075
16810,Miss Sandra Eaton,02202 James Locks,East Ashleymouth,04173
16812,Donna Brown,65528 Brown Manor,Davidland,43315
16814,Caleb Chan,92958 Kimberly Roads,Thomaschester,65934
16816,Katie Burnett,425 James Grove,North Joshuaberg,93290
16817,Jeffery Mccormick,60523 Sean Pine Apt. 205,North Caitlin,23771
16826,Richard Arellano,8229 Roger Locks,Loriside,81102
16833,Angela Schneider,60006 Michelle Landing,Holmesborough,73030
16835,Christopher Myers,851 Hill Hollow Apt. 877,South Audreyville,98080
16839,Michele Garcia,91940 Wright Pike Suite 668,Brownville,75347
16843,Mark Mendoza,7931 Sandra Ranch,East Mariashire,55937
16848,Alexander Blackburn,1102 Heather Heights,Jacobsonfort,86000
16850,Julian Farrell,4571 Hayden Branch Apt. 837,Washingtonborough,00934
16858,Jessica Jennings,86712 Walker Turnpike,North Anthonyview,97778
16861,Mrs. Rebecca Leon,537 Gomez Squares Suite 830,Hannahfurt,02903
16863,Misty Ford,348 Rice Freeway Apt. 511,Randallville,69527
16873,Aaron Taylor,2264 Ryan Land,Andrewchester,87073
16875,Marcia Johnson,08296 Stephens Vista Suite 678,Port Alexandraton,19537
16882,David Cannon,1981 Avery Cape,Port Laurieview,35172
16883,Deborah Walker,488 Barnes Club Suite 258,South Thomas,24233
16885,Kevin King,97571 Stevenson Prairie,Lake Walter,19973
16889,Amber Gilbert,0835 Burns Square,South Katrinaberg,97237
16891,Mr. Scott Logan,210 Briana Road Suite 554,Port Kimberly,33093
16892,Kerry Graham,58168 Freeman Pines,South Tyler,63320
16893,Melanie Taylor,9108 Smith Estate Apt. 565,Port Jacob,49379
16897,Jason Davis,15024 Travis Crossing Apt. 403,Andrewmouth,48869
16898,Ethan Simon,328 Philip Alley Apt. 729,Port Jasminefurt,49762
16899,Diane Nelson,9188 Dixon Street,East Yeseniatown,62553
16904,Brianna Wood,336 Julia Pine Suite 057,Cookmouth,35147
16905,Kathleen Roberts,123 Acevedo Fork,Paulmouth,72571
16907,Melissa Brown,18717 Cynthia Crescent Suite 038,East Aaronhaven,99683
16912,Kerry Henderson,8190 Valerie Passage,Steelefurt,04833
16914,Tanya Mckinney,5821 Wright Manor,Lake Patrickmouth,27055
16916,Monica Jarvis,10630 Allen Heights Apt. 296,Lake Dana,64790
16918,John Pruitt,016 Reed Isle,East Brittany,31546
16919,Renee Alexander,9410 Thompson Landing Suite 269,South Kristin,94199
16923,Julie Baker,044 Cody Ville,South Mikeland,06847
16926,Stephen Munoz,635 Michael Plaza Suite 886,Lake Christian,42676
16927,Michelle Frederick,6456 Gregory Oval,Pennyhaven,93994
16928,Katherine Walker,8734 Carolyn Circles,Kristenshire,55612
16931,Beth Dean,3654 Rebecca Court,Spencerstad,87524
16938,Alyssa Russell,2102 David Road Suite 314,North Jefferymouth,10637
16943,Travis Butler,739 Cordova Gardens Suite 517,Kimberlyton,58567
16945,Tara Johnson,41800 Christine Hollow,Lake Tina,02677
16948,Tracy Taylor,58148 Hernandez Stream,West Andrea,89590
16949,John Hart,249 Stephanie Estate Apt. 446,Currychester,57699
16950,Tammy Powell,64430 Harper Trace,Wattsstad,10323
16954,Jillian Mcclure,743 Monica Shores,Mariahstad,58660
16955,Stephanie Hardin,73475 Bowers Keys,Port Kimberlyfort,97481
16971,Melanie Hart,18775 Thomas Squares,Maryview,96529
16983,Courtney Nelson,66480 Banks Mission Suite 943,Nicholasbury,74609
16985,Toni Grimes,5791 Bradshaw Station Suite 828,Davisview,18535
16992,Krista Turner,01465 Bruce Track,Port Sheryltown,24796
16995,Leslie Harrington,2599 Alicia Ramp,Lake Tracey,80372
16996,Elizabeth Summers,57091 Chris Turnpike,Port Sandraton,91164
16997,Erica Preston,3111 Hensley Manors,New Kevinchester,96156
17001,Beverly Harris,8536 Martin Extension Suite 475,Lake Lisatown,38469
17007,Barbara Burns,55659 Rhonda Heights,South Shannon,02680
17017,Christopher White,0663 Gallagher Mountains,Underwoodchester,68456
17018,Victor Nixon,474 Smith Row Apt. 338,Lake Aaron,37783
17019,Scott Williamson,01941 Melody Manors Apt. 128,Tracybury,01396
17025,Elizabeth Gallagher,5600 Kayla Summit Suite 528,North Lisa,87673
17026,Terry Mendez,276 Alexis River,Ellisstad,46112
17027,Susan Romero,8318 Raymond Square Apt. 664,Smithberg,35866
17030,Stacey Bennett,21760 Simpson Mall Suite 516,Christinechester,39867
17033,Erik White,059 Barrett Harbors,East Sarah,45068
17035,Heidi Oliver,0095 Jennifer Freeway,Tammystad,30568
17041,Alyssa Gutierrez,1208 Amy Neck,Lake Jonathanside,17009
17044,Andrea Harris,131 David Avenue,Richardbury,91422
17048,Taylor Reynolds,735 Medina Prairie Suite 801,Baileymouth,36060
17059,Thomas Moran,4995 Chase Hills,East Aaronburgh,13824
17061,Kurt Oconnor,03133 Brown Overpass,Douglasside,76128
17062,Joel Gardner,8827 Lisa Passage Suite 627,New Alyssa,42372
17064,Eugene White,5403 Larson Mountain Suite 999,Joshuaborough,09124
17068,Kelly Padilla,66985 James Corners Apt. 474,South Colleenside,31277
17069,Karen Jones,674 William Track,Jimenezfort,25379
17071,Cassandra Wells,4261 Cooper Ports Suite 535,Martinezfort,57579
17075,Jennifer Rivas,934 Terri Rapid Apt. 750,Lake Lynnstad,90348
17076,Phillip Smith,951 Jason Roads,Port Davidport,25207
17082,Stephanie Reeves,97200 Chan Light,Sydneymouth,83252
17085,Stephanie Mclean,77584 Kenneth Squares Apt. 080,Kingville,27166
17090,Krystal Mooney,200 Carson Mews Suite 898,Brewerside,64667
17091,Beth Ramirez,30636 Campbell Coves Apt. 553,Stewartstad,02275
17094,William Fischer,5406 Yesenia Falls Apt. 555,Gardnershire,86570
17095,Christopher Melton,781 Lauren Course,Robertchester,11650
17097,Curtis Sanchez,418 Castillo Lodge Apt. 096,Robertfort,20611
17105,Olivia Hayes,48309 Rachel Highway Suite 199,Juliestad,14537
17114,Brian Dillon,504 William Prairie,Ramseyside,86588
17118,Pamela Bean,506 Karen Ridges Apt. 291,New Colin,78693
17126,Terry Hughes,08947 Williams Summit,Davisborough,20621
17128,Frances Martin,706 Jenna Brook,Jasonborough,58411
17135,Sandra Ewing,379 Dickerson Throughway Apt. 314,Port Natalieberg,41936
17146,Robert Johnston,731 Amanda Locks Apt. 260,West Robert,40245
17147,Megan Duncan,482 Richard Locks,Joneshaven,71907
17158,Charles Wiley,069 Nicholas Wells Suite 260,South Jasonland,58047
17167,Zachary Clark,3347 Jeffrey Camp,New Michelle,76711
17179,Amy Edwards,026 Anne Falls Suite 627,Coleville,06127
17180,Madison Evans,28905 Romero Street,Jasonside,39280
17181,Sandra Gonzalez,6694 Yang Unions,North Michellemouth,79054
17188,Patrick Mathews,745 Smith Mills Suite 159,Christineshire,57145
17189,Jacqueline Smith,20975 Doris Crescent,East Jodyside,58193
17191,Nathan Simmons,2219 Kendra Locks Suite 174,Martinstad,27505
17194,Megan Brewer,9002 Tucker Branch,Lake Robert,49084
17198,Nicole Mathis,957 Sally Centers,North Catherinemouth,26859
17204,Crystal Moran,687 Williams Burg,Andersonfort,93306
17211,Susan Anderson,000 Chad Extension Apt. 915,New Vincentville,76413
17213,Travis Simmons,031 Taylor Trail Suite 528,Knoxtown,26044
17214,Kristen Leblanc,66732 Gonzales Walk,Susanfurt,02594
17218,Nancy Chapman,158 Terrence Circle,Lawrencetown,43654
17220,Sierra Thompson,9109 Smith Valley,North Miguel,09420
17223,Felicia Cohen,183 Sullivan Grove Apt. 378,Adamstown,60236
17225,Shari Hopkins,54887 Johnson Haven,Jamesburgh,69974
17226,Jennifer Holt,870 Martinez Place Apt. 589,West Sean,82891
17227,Kelly Dyer,448 Ferguson Wall,North Tony,59770
17228,Jonathan Ray,68807 Christopher Camp Apt. 633,Rogersville,79633
17230,William Tapia,9932 Wilson Falls,Lake Steven,35174
17231,Jessica Mendoza,0943 Jesse Way Suite 649,Randyfurt,47682
17235,Cole Gonzalez,5476 Norman Stravenue Apt. 255,Paulmouth,53386
17236,Deanna Johnson,94770 Charles Lakes Apt. 451,Stephanieville,59129
17238,Jennifer Williams,348 Nichols Freeway,West Carrieburgh,66497
17239,Brenda Alexander,228 Smith Trail,Davistown,99664
17243,Shawn Welch,871 Angela Brooks,West Nicolebury,31109
17251,Terry Bauer,716 Maria Burgs,East Connor,63987
17256,Melissa Henderson,4040 Gabriel Alley Suite 381,Huffmantown,86132
17259,Christopher Parker,49065 Moon Expressway,North Marymouth,80676
17262,Cathy Fitzgerald,59999 Glover Green,Lake Dylan,79759
17264,Shannon Smith,86940 Michael Brook,Kelleyland,37898
17277,Beth Hess,90951 Michelle Park Apt. 885,Jessicaburgh,72855
17284,Kristen Riley,64572 Howard Corner,New Codytown,50495
17287,Ashley Dalton,53506 West Isle Apt. 619,Taylorhaven,77515
17288,David Blake II,834 Patterson Mews,Shawport,58735
17291,Susan Hendricks,9817 Alexander River,South Emily,47793
17293,Bryan Nguyen,38151 Smith Valley Apt. 065,Hinesside,33481
17297,Marcus Romero,92719 Gentry Port Suite 630,Brooksview,91726
17303,Mary Holmes,50107 Wright Square Apt. 682,Victorshire,52305
17306,Brenda Morales,24382 Jarvis Islands,West Annetteville,72249
17307,Kelly Carter,27866 Bryan Knoll,Lindahaven,12854
17311,Kristi Singh,9759 Christensen Plaza,East Joseph,36229
17314,Jeffery Ward,140 Long Corners,Keithport,79212
17315,Lisa Bauer,902 Scott Junction,Delacruzland,92640
17320,Julie Faulkner,499 White Bridge Apt. 875,Martinside,35335
17324,Glenn May,9125 Norris Trail Suite 915,Morenostad,56095
17329,Jamie Carlson,923 West Harbors Suite 855,Snyderland,03062
17334,Robin Shields,9107 James Groves,Port Coryfort,16499
17337,Amanda Reynolds,924 Craig Locks,Port Mark,07381
17338,Carrie Alvarado,53107 Stephanie Square,New Ashleyton,98940
17339,Lisa Thompson,090 Ryan Parkway Suite 555,Johnsonmouth,46067
17340,Nicole Elliott,492 Francis Route Suite 674,Lake Ashleyside,84150
17341,Elizabeth Hobbs,061 Campbell Brooks Apt. 195,North Adrian,87494
17343,Kenneth Bishop,7200 Willis Courts Suite 161,Melaniemouth,69454
17346,Stephanie Jackson,361 Jones Shores Suite 408,Murrayberg,13758
17352,Deanna Leonard,3746 Keith Keys,Garciatown,31326
17356,Cindy Moore,08599 Potts Crest Apt. 081,Amberview,58192
17358,Nicole Brewer,034 Veronica Square Suite 914,East Kevin,07850
17360,Dana Gomez,280 Brandon Mountains,North Rhondatown,84058
17362,Brenda Peters,756 Christopher Parkways Suite 973,Heatherborough,94908
17364,James Garcia,818 Dorsey Club,Stevetown,77101
17365,Dr. Nicole Clark,390 Kelsey Fall Apt. 150,New Gabrielle,67040
17368,Jason Wells,251 Riley Curve,North Sharon,75649
17371,Reginald Richardson,3826 Andrews Motorway Apt. 608,Hobbsstad,96187
17372,Lauren Cross,09476 Michael Lights Suite 259,South Peterberg,47935
17373,Jacob Grant,9320 Phillips Burgs Suite 462,Watkinsberg,34666
17375,Robert Roy,8443 Richard Extensions,New David,88041
17376,Summer Thomas,258 Williams Corner Apt. 621,Loganfurt,27223
17377,Sean Willis,38846 Ruiz Pine,West Trevorberg,11501
17381,Peter Shaffer,19541 Vazquez Fields Suite 187,Brewerfurt,92588
17389,Catherine Wallace,627 Christopher Mountains Suite 782,Duffychester,74039
17392,William Carter,57116 Jerry Ridge Apt. 705,Elizabethfort,76408
17396,Carrie Ho,09880 Kyle Plains,Williamsmouth,23409
17400,Ruth Cole,0863 Munoz Canyon,Kelleyberg,61423
17402,Carla Jensen,52445 Julie Lake Suite 664,Longville,63607
17404,Melissa Gonzales,622 Valerie Cove,Port Michealton,72295
17406,Rachel Phillips,967 Farrell Tunnel Apt. 004,East Stacyville,64105
17411,Kristen Perry,525 Joseph Gateway Suite 171,Lake Rogerborough,00658
17412,Elizabeth Elliott,5428 Kayla Ports,North Becky,04313
17418,Vincent French,80907 Ortega Locks,Lake Ricky,71712
17419,Sara Reese,66361 Moore Port,North Laurenview,25212
17420,Danielle Green,721 Brian Street Suite 273,East Wendy,36851
17421,Katherine Stephens,6483 Cabrera Meadow Suite 822,Port Amandafort,19302
17428,Kristen Carter,8729 Butler Cliff Suite 222,East Amberton,20494
17430,Teresa Nguyen,65966 Bobby Stravenue,Wheelerbury,12728
17431,Christopher Rivera,5345 Angelica Parkway,Stephaniefurt,21322
17442,Miguel Stanley,80541 Ramirez Causeway Suite 386,Cardenasview,81335
17446,Kristen Carter,5879 Rodgers Wells,New Laurafort,45594
17447,Kristina Brown,4383 Hall Path,Davisfurt,77374
17449,Ashley Alexander,7567 Robin Dale Suite 852,Kellystad,94191
17450,Kimberly Tucker,171 Smith Divide Apt. 393,Richardschester,59757
17454,Brian Moore,39914 Thompson Circle Apt. 994,South Stevenburgh,87567
17456,Cindy Martinez,5327 Carlson Coves Suite 231,Perryville,32959
17457,Brenda Kline MD,7106 Williams Island Suite 808,Emilytown,54803
17460,Carly Lee,73147 Brian Neck Apt. 607,North Yvetteview,96979
17462,Sandra Ballard,2607 John Point Suite 340,South James,47063
17463,Debra Allen,162 Oliver Roads,Cynthiafort,85410
17470,Patty Rowland,84389 Edward Haven,South Bryanbury,12361
17491,Emma Pierce,189 Adrienne Junction Apt. 112,Port Eric,57864
17496,Angela Navarro,4037 Jessica Highway,Matthewsborough,23202
17498,Casey Rodriguez,482 Gabrielle Dale Apt. 636,Millerchester,69402
17504,Lori Hansen,2367 Fowler Port Suite 788,South Debbie,02395
17507,Tammy Montgomery,290 Hall Bypass Apt. 911,Richardville,33105
17511,Holly Brown,6938 Wilkins Land,Samueltown,56536
17515,Leslie Bennett,4031 Long Lane,Greenebury,13425
17517,Nicole Zhang,58950 Murphy Flat Suite 519,Lake Nicole,19771
17519,Katherine Matthews,98805 Clark Orchard,Douglasfort,23322
17524,Michelle Evans,513 Carrie Shore Suite 734,Jacobchester,07493
17525,Todd Powell,17929 Tina Port Suite 852,West Ashley,42667
17526,Matthew Salas,205 James Drive Suite 906,Ryanberg,81580
17530,Sara Morales,66661 Cooke Expressway Suite 834,Hicksville,86357
17540,Patricia Castro,41123 Velasquez Knoll Apt. 714,North Brandon,53936
17547,Kyle Armstrong,8757 Clark Gardens,Harmonburgh,89805
17548,Ricky Hatfield,0514 Brianna Burg Apt. 965,Kellystad,58440
17551,Raymond Carter,30311 Daniel Forge Apt. 431,Anthonymouth,30166
17552,Sarah Phillips,1724 Cook Locks,Sherryton,76089
17555,Terri Munoz,888 Alexander Loop Suite 201,Lake Alison,98455
17560,Bonnie Smith,391 Janet Stravenue,Carlosville,70957
17567,Susan Miller DVM,5180 John Junction,Danielchester,05943
17569,Denise Wright,2256 Vasquez Mews Apt. 807,Lake Allentown,18165
17572,Danielle Jones,07719 Conner Loaf,Markfurt,32839
17576,Michelle Lee,778 Davis Drives,Fischerstad,31849
17580,Curtis Brown,9891 Thomas Tunnel,North Monica,97449
17581,Mark Torres,2379 Bridget Summit Apt. 975,Lake Andrew,10533
17585,Kaitlin Lee,9509 Shawn Passage,Port Nathan,24340
17591,Rachel Robinson,096 Catherine Terrace,Jasontown,08477
17593,Emma Flores,444 Lopez Trail,Simsshire,63942
17596,Kim Contreras,3852 Jonathan Island Apt. 162,West Jennifermouth,67701
17599,Kimberly George,81606 Gregory Forest Apt. 879,Frazierfurt,63128
17601,Kelli Brown,391 Ruth Curve Suite 952,North Kylechester,49178
17602,William Flynn,76158 Clay Courts Suite 208,Lake Bobbystad,72639
17604,Anne Anderson,5873 Green Circle,Parkfort,99476
17609,Kyle Monroe,3876 Lane Drive Apt. 782,West Nicolehaven,45080
17611,Andre Curtis,5686 Morris Hollow,Adamshaven,53965
17614,Charles Todd,52685 Escobar Bridge,West Danielshire,64462
17616,Stephanie Nichols,8555 Ramos Viaduct Apt. 406,Rosston,65976
17618,Dana Sanders,81085 Christopher Drives Apt. 764,North Kristen,62928
17619,Amanda Thomas,66268 Garcia Mount,Evanstown,33617
17621,Nathan Grant MD,6135 James Lake Apt. 809,Maryland,58978
17629,Suzanne Cochran,33529 Richard Junctions,South Kelly,48313
17633,Carrie Ramos,8143 Hickman Course Apt. 942,Burkefurt,76234
17634,Alexandra Morris,7860 Williams Port,Lake Richard,47312
17641,Dr. Melanie Hendrix,97910 White Mountain,Port Austin,71920
17643,Stephanie Warner,27484 Allen Lakes,North Rebeccashire,16333
17644,Olivia Davidson,58280 Kimberly Coves,Davidshire,76222
17646,Thomas Walker,83912 Eric Stravenue,Margarethaven,43311
17655,Crystal Murray,204 Kenneth Flat,New James,07680
17659,Kelly Gregory,76229 Quinn Turnpike,North Jamesmouth,44507
17668,Olivia Hendrix,26525 Tamara Mountain Apt. 712,Shawnview,97438
17671,Melissa Jones,0705 Pamela Estates,West Barryfort,41166
17672,Omar Allen,467 Corey Road Apt. 968,Lanestad,83415
17673,Stephanie Booker,356 Autumn Cape,North Randy,49099
17674,Zachary Raymond,605 Ronald Brook Apt. 442,Martinezborough,25270
17675,Claudia Martinez,33225 Price Rue Apt. 263,Kellyton,10694
17676,Kevin King,88073 Benjamin Park,South Andrea,62784
17677,Danny Burke,0919 Catherine Ways,Delgadoview,60860
17682,Kevin Kelly,7805 Walker Shores Suite 318,Bethburgh,01169
17685,John Tucker,047 Escobar Fort Apt. 765,Garciastad,66700
17690,Dr. Julie Cuevas,596 Cline Corners,Osborneton,36682
17691,Lauren Williams,5337 Ramirez Walk,Port Joshua,80000
17692,Laura Berg,6790 Walsh Meadows Suite 867,South Sonyaside,06119
17696,Susan Bryant,6016 Rachel Extension Suite 758,North Jamesmouth,25879
17700,Natasha Peterson,6558 Avila Mission Suite 539,Adamsshire,16438
17702,Dorothy Johnson,4375 Jason Village Suite 552,North Brendanshire,27259
17706,Kevin Brown,103 Jordan Hill Suite 190,Jonathanport,68197
17707,Terri Henry,826 Martinez Forest Suite 345,Donnashire,67046
17708,Christian Miller,51007 Lindsay Brooks,Hornville,92577
17714,Allison Fleming,21394 Daniel Island Apt. 865,North Anthony,63357
17720,Brittany Franklin,639 Williams Highway,North Stephaniefort,17307
17722,Nicole Morgan,8345 Nguyen Isle Suite 717,Brianhaven,80631
17730,Janet Obrien,99825 Valdez Dale Suite 943,South Matthewfurt,97188
17732,Gina Burnett,6916 Joseph Lane,West Tamara,89302
17735,Kent Baker,54184 Taylor Well Suite 160,Katherinechester,87651
17739,Connie Lopez,314 Johnson Valley Suite 238,Shawmouth,64990
17742,Andrea Joseph MD,9518 William Vista Suite 355,South Matthew,13696
17744,Gail Wright,3841 Keith Stravenue,Timothyberg,76291
17752,Rebekah Rasmussen,9837 Li Park,West Davidton,93211
17757,Monica Jackson,76866 Claire Common,Harrishaven,27704
17760,Christina Parks,2292 Cooper Plain Suite 797,North Michele,51279
17769,Michael Hansen,5128 Daniel Radial,New Katherine,64099
17771,Mackenzie Young,350 Lyons Ridge Apt. 138,Port Taylorfort,34890
17775,Nicole Abbott,538 David Summit,Longside,74736
17786,Danielle Herrera,700 Haley Overpass,Pamelahaven,20792
17787,John Jennings,4272 Hoffman Ridge,Lake Amanda,48768
17790,Heather Lane,43851 Kennedy Lodge Apt. 123,New Annaburgh,41256
17796,Annette Moore,722 Stephen Springs,Jennashire,72198
17799,Elizabeth Barnes,937 Larry Curve Apt. 297,Taylorhaven,22160
17800,Andrea Moran,70171 Michael Estates,East Aaron,27186
17802,Julie Grant,9686 Thompson Brooks Suite 527,Martinezport,22540
17809,Carolyn Hodges,00157 Wright Ridges Apt. 547,West Jeffreychester,07508
17811,Jamie Murphy,368 Mitchell Stravenue,Ruizbury,01594
17812,James Nguyen,110 Joseph Course Suite 317,Thorntonview,60386
17816,Adrienne Scott,714 Rodriguez Landing Apt. 994,Lake Joshua,63055
17819,Gregory Soto,47313 Samuel Lakes,Port Denise,85482
17820,Lindsey Cook,4515 Andrea Vista,Johnstad,84555
17827,James Peterson,267 Wilson Underpass Apt. 132,Warnerchester,13653
17830,Matthew Johnson,953 Amber Estate,South Jacobtown,68728
17838,Kristi Cruz,610 Black Manor,Staffordberg,23557
17841,Alexander Payne,385 Christian Rest Suite 132,East Brittanyton,44888
17848,Anthony Powers,1671 Denise Heights Apt. 524,Berrybury,93573
17849,Edward Ball,7018 Zachary Inlet Apt. 924,New Luischester,28609
17850,John Lambert,61695 Ramos Flat,Pierceside,05364
17855,Carolyn Jenkins,91212 Amber Summit Apt. 078,Charlesside,82807
17857,James White,93753 Brandon Vista,Masonfort,82675
17858,Ronald Barber,09239 Monica Camp,Thompsonfurt,82616
17860,Meagan Patel,0157 Obrien Squares,East Angela,58655
17861,Bianca Robinson,727 Rodney Locks Suite 133,Cherylview,08038
17862,Leslie Everett,50897 Scott Roads,New Barbara,85669
17863,Lisa Fox,195 Kim Drive Apt. 315,Lake Caroline,10026
17865,Thomas Poole,422 Gregory Centers,Port Normaberg,07565
17869,Tony Roberts,945 Alexandra Burg Apt. 464,Hartmanhaven,40879
17870,Eric Shelton,010 Michael Mountain Suite 948,Morganville,55192
17873,Nicholas Mccarthy,11852 Amanda Row,Samanthaville,33178
17880,Victor Daniels,603 Daniel Squares Apt. 594,Wilsonport,25031
17884,Carmen Proctor,605 Gonzalez Village,New Kirstenberg,89459
17888,Michael King,54910 Tony Radial,New William,36977
17889,Kathleen Gilmore,1073 William Tunnel,Reynoldsberg,42767
17890,Amy Murphy,2737 Jean Cliffs Suite 237,Grossfurt,27704
17894,Barbara Herrera,595 Gomez Meadows,Valenzuelashire,94195
17897,Michael Sullivan,68409 Gabriel Causeway Apt. 642,Michaelfort,45577
17905,Randy Garrett,55876 Vicki Crescent Suite 424,Brownburgh,23747
17908,Joyce Jones,4343 Green Loaf Suite 591,Port Davidtown,96151
17912,Charles Black,38410 William Shoal Apt. 087,West Katherine,44249
17913,Christine Dillon,57123 Oconnor Courts,Lake Christopherfurt,53190
17917,Debbie James,99201 Ramirez Square,Lake Timothy,52131
17920,Tina Davis,651 Amanda Divide Apt. 290,West Davidland,15960
17924,Bryan Thornton,6428 Smith Terrace,South Chadport,80729
17925,Matthew Griffin,6677 Cabrera Inlet,Griffinfort,83473
17929,Justin Mitchell,451 Adrian Union,South Misty,90103
17937,Gregory Graham,35515 Humphrey Mountain,West Matthewville,67887
17941,Anthony Hayes,935 Salinas Tunnel Suite 128,Sandraberg,72225
17949,Monica Johnson,57950 Allen Path Apt. 710,Loritown,27042
17950,Jamie Williams,67451 Schultz Ports Apt. 986,Marquezchester,84988
17951,Susan Dunn,89088 Tracy Spurs Suite 954,Webbchester,31891
17953,Barbara Franco,6505 Juan Passage Suite 464,New Jacqueline,73487
17954,Melinda Brown,37572 Juan Centers Suite 128,Geoffreyburgh,63114
17961,Kimberly Williams,06130 Angela Point Apt. 382,Kathleenstad,57833
17964,Christopher Levine,746 Kevin Estates Apt. 413,Donnaton,95101
17965,Margaret Booker,276 Timothy Garden Suite 187,Morganborough,61398
17967,Tracy Aguilar,835 Michelle Keys,Taylorport,44509
17968,James Moore,576 Mackenzie Roads Apt. 586,North Francis,73912
17969,Dr. Elizabeth Velez,26854 James Garden Suite 112,Brockchester,14110
17975,Jack Clark,75647 Davis Stream,Chandlershire,84065
17976,Sean Cooke PhD,55489 Lauren Ferry,Lake Diana,71787
17978,Mrs. Diana Evans,44117 Kenneth Canyon,East Anthonyberg,37382
17980,Brian Bird,9848 Brian Club Suite 140,Davisville,27693
17988,Shannon Crawford,61156 David Land Suite 521,South Meghan,21253
17990,Samantha Newman,37412 Sherry Lane Apt. 977,Port Brucetown,40261
17991,Theresa Underwood,49444 Munoz Crest,Gilbertburgh,02771
17999,Molly Ramirez,57711 Michael Vista,Sarahfurt,66019
18004,Sharon Flores,7378 John Neck Suite 472,Jerryfurt,51607
18008,Julie Jensen,171 Ann Mountain Apt. 736,Christianmouth,61706
18011,Cesar Lopez,82217 Veronica Parkway Apt. 333,Josephmouth,94014
18016,Debra Larson,50952 Freeman Mill,Cookmouth,51228
18017,Kelly Mahoney,924 Nixon Isle,Ryanmouth,44652
18032,Anna Coffey,87953 Murray Island Suite 502,Prestonchester,71571
18037,Luke Lee,790 Walsh Stravenue Apt. 651,Ryanview,79496
18041,Jamie Chavez,242 Faith Drive Apt. 093,Davidhaven,98408
18042,Robert Giles,563 Dunn Pine Suite 196,Port Bryan,77208
18043,Laura Perkins,4895 Carol Drives Suite 039,New Rickland,28753
18044,Rebecca Perez,307 Whitney Skyway Apt. 248,Quinnland,73057
18050,Melinda Gibson,619 Hawkins Fords Apt. 909,Lake Chadport,76658
18055,Wendy Hines,35944 Jaime Grove,Dennischester,04734
18061,Brandon Delacruz,874 Hoffman Parkway Suite 904,Alanmouth,81447
18062,Cheryl Carter DDS,6185 Mallory Row Suite 610,New Amybury,44552
18065,Paige Scott,352 David Landing Apt. 036,Danielsport,21391
18069,Melissa Jones,243 Brock Forge,South Scott,83168
18071,Justin Rogers,246 Collins Path,Holtmouth,93756
18074,Haley Oliver,4820 Henry Circle,Raytown,75188
18075,Michelle Patterson,6616 Tyler Green Suite 095,Ericfort,72585
18077,Thomas White,9946 Andrew Isle,South Carrieside,08691
18085,John Stephens,4303 Smith Track,North Michael,02545
18087,Douglas Jacobson,2527 Terry Courts,Colemanfort,46780
18092,William Edwards,6926 Fox Drives,Garciahaven,54270
18095,Donna Walker,68947 Ferguson Plains Suite 420,West Jean,43096
18097,Gabrielle Meza,27269 Christopher Lakes Suite 885,West Russellfort,89436
18102,Christina Cummings DDS,9455 Meadows Rapid Suite 530,West Ashleyfurt,98527
18104,Karen Leonard,04121 Leonard Keys,South Duane,37358
18106,Laura Kramer,7937 Nichols Radial Suite 675,Lake Melissahaven,06901
18109,Laura Ellis,02860 Bartlett Parkway,New Robert,15489
18113,John Wilson,243 Susan Square Apt. 196,New Eric,79236
18116,Erica Ruiz,700 Erika Mission Suite 414,Simmonsmouth,21124
18118,Michael Yang DVM,31334 Winters Expressway Apt. 208,South Carolynfort,25797
18119,Alyssa Galvan,1534 Williams Street,Frazierside,54533
18125,Sandra Massey,0194 Porter Shoal,South Williamstad,92467
18136,Curtis Smith PhD,44505 Zimmerman Pass Apt. 921,Mauricetown,93635
18141,Larry Key,09106 Corey Ramp,Michellebury,76844
18144,Michele Simpson PhD,97262 Friedman Land Suite 492,Debraland,31834
18145,Jessica Solis,719 Conrad Vista Suite 850,New Angelaview,18772
18153,Ashley Warren,5756 West Cliffs Apt. 430,Amandastad,60297
18156,Dawn Lopez,31313 Amber Heights Apt. 594,Ericberg,54373
18160,Brandy Griffin,7413 Diane Squares,New Dawn,53022
18161,Monica Robles,5184 Matthew Summit,West April,54517
18168,Karen Robles,3051 Christina Branch Apt. 762,Port Mitchell,07455
18171,Thomas Haynes,6271 Christian Court,Luisshire,82290
18176,Christopher White,201 Smith Ports,Hannamouth,33622
18178,Victoria Jones,56132 Thomas Fort,Wardshire,77286
18179,Kim Jones,1913 Philip Streets Suite 529,Lake Richard,36738
18190,Tyler Harvey,04007 Henry Inlet Suite 746,Fisherside,55949
18193,Emily Adams,6138 Alexander Run,Henrybury,51248
18198,Jennifer Weber,611 Yvonne Shoal,Moorehaven,01066
18202,Kara Vasquez,11137 Evans Cliff,East Riley,40070
18204,Bethany Kennedy,56682 Mark Fall,West Troyhaven,67212
18212,Amber Hill,98916 Downs View,South Yvonnehaven,73048
18219,Jennifer Lawson,13904 Michael Circles,Michaelton,19053
18223,Gabriel Kennedy,4075 Jones Islands,New Alex,89489
18225,Marissa Hall,98397 William Inlet,Lake Mariahaven,01440
18226,Laura Hill,4943 Taylor Motorway,Hessland,13059
18229,Donald Phillips,414 Avila Walks,Whitefurt,44589
18230,Amanda Willis,65031 Roth Mountains Suite 470,Williamsfurt,58637
18233,Heather Smith,81038 Washington Inlet Apt. 615,Ramirezfurt,75865
18236,Kelly Garza,70654 Padilla Streets Apt. 897,South Timothy,78838
18239,Alexander Webster,56214 Barnett Junctions,Robinsonmouth,11766
18245,Lisa Miller,4069 Morris Drive Apt. 150,South Mirandafort,07954
18250,Joshua Garcia,234 Morrison Knoll Apt. 080,North Adrianhaven,25064
18256,Mr. Ryan Bush MD,94771 Paul Gateway,Loristad,64269
18259,Julia Meyer,879 Foster Manors Suite 198,Port Daniel,66461
18260,Justin Richard,1958 Reed Locks,East Jeffrey,69486
18269,Timothy Walker,6844 Christopher Way,Stevenview,90071
18277,Margaret Nelson,940 Turner Ports,South Claireberg,65918
18283,Lindsay Gonzalez,646 Riley Cliff,New Jason,82218
